,CustomerID,Monetory,Frequency,Recency,RecencyCluster,FrequencyCluster,MonetoryCluster,RFMCombined,Score
1,12347,1823.43,3,53,3,2,3,323,8
2,12348,1487.24,3,55,3,2,3,323,8
3,12350,334.4,1,117,2,1,1,211,4
4,12352,601.18,8,69,3,4,2,342,9
5,12353,89,1,11,4,1,1,411,6
6,12354,1079.4,1,39,3,1,2,312,6
7,12355,459.4,1,21,4,1,1,411,6
9,12359,2350.61,3,47,3,2,3,323,8
10,12360,1083.58,1,7,4,1,2,412,7
11,12361,189.9,1,94,2,1,1,211,4
12,12362,969.44,3,32,4,2,2,422,8
13,12363,299.1,1,49,3,1,1,311,5
14,12365,320.69,3,98,2,2,1,221,5
15,12370,2806.41,3,81,3,2,4,324,9
16,12372,914.92,2,19,4,2,2,422,8
17,12373,364.6,1,118,2,1,1,211,4
18,12377,1628.12,2,122,2,2,3,223,7
19,12383,1739.86,5,45,3,3,3,333,9
20,12386,401.9,2,144,1,2,1,121,4
21,12388,766.25,3,82,2,2,2,222,6
22,12393,1061.1,3,52,3,2,2,322,7
23,12394,381.08,1,24,4,1,1,411,6
24,12395,1551.92,8,18,4,4,3,443,11
25,12399,768.95,2,20,4,2,2,422,8
26,12401,84.3,1,110,2,1,1,211,4
27,12402,225.6,1,130,2,1,1,211,4
28,12407,495.96,2,42,3,2,1,321,6
29,12408,808.26,4,52,3,3,2,332,8
30,12410,681.08,3,108,2,2,2,222,6
31,12413,499.95,4,43,3,3,1,331,7
32,12414,562.41,3,24,4,2,2,422,8
34,12417,1410.73,6,32,4,3,3,433,10
35,12421,157.45,1,126,2,1,1,211,4
36,12422,238.5,1,131,2,1,1,211,4
37,12423,1366.77,5,7,4,3,3,433,10
38,12426,582.73,1,1,4,1,2,412,7
39,12427,246.55,2,158,1,2,1,121,4
40,12428,6236.23,8,49,3,4,4,344,11
41,12429,1719.48,2,34,4,2,3,423,9
42,12431,3148.63,8,-1,4,4,4,444,12
44,12434,245.3,3,56,3,2,1,321,6
46,12437,1920.34,9,5,4,4,3,443,11
47,12441,173.55,1,173,1,1,1,111,3
48,12447,476.49,1,50,3,1,1,311,5
50,12455,1698.9,2,102,2,2,3,223,7
51,12456,940.17,1,61,3,1,2,312,6
52,12457,842.35,5,40,3,3,2,332,8
53,12458,441.92,1,91,2,1,1,211,4
54,12462,741.31,2,101,2,2,2,222,6
55,12463,636.55,4,6,4,3,2,432,9
56,12464,544.85,4,7,4,3,2,432,9
57,12468,220.59,1,123,2,1,1,211,4
59,12472,2776.96,6,61,3,3,4,334,10
61,12476,2352.45,10,10,4,4,3,443,11
63,12480,1587.27,2,74,3,2,3,323,8
64,12481,3095.09,8,11,4,4,4,444,12
65,12483,937.66,7,12,4,4,2,442,10
66,12484,1102.17,2,84,2,2,2,222,6
67,12489,334.93,1,143,1,1,1,111,3
68,12490,1195.72,2,21,4,2,2,422,8
69,12493,215.55,2,-1,4,2,1,421,7
70,12494,684.59,8,3,4,4,2,442,10
71,12500,1210.2,4,73,3,3,2,332,8
72,12501,2089.68,2,122,2,2,3,223,7
73,12502,1842.65,3,24,4,2,3,423,9
76,12506,73.5,1,39,3,1,1,311,5
77,12507,446.16,1,105,2,1,1,211,4
78,12509,176.5,1,91,2,1,1,211,4
79,12510,681.05,1,132,2,1,2,212,5
80,12514,1017.68,1,74,3,1,2,312,6
81,12515,383.7,1,160,1,1,1,111,3
82,12520,1645.81,4,11,4,3,3,433,10
83,12523,500.19,4,59,3,3,1,331,7
84,12524,2833.38,5,11,4,3,4,434,11
85,12527,284.92,2,101,2,2,1,221,5
86,12528,765.46,3,66,3,2,2,322,7
87,12530,805,2,40,3,2,2,322,7
88,12539,2801.84,4,69,3,3,4,334,10
90,12541,312.4,1,87,2,1,1,211,4
91,12545,628.15,1,66,3,1,2,312,6
92,12547,207.8,2,4,4,2,1,421,7
93,12551,168,1,164,1,1,1,111,3
94,12553,1698.32,8,11,4,4,3,443,11
96,12559,536.21,3,117,2,2,1,221,5
97,12561,238.85,1,109,2,1,1,211,4
98,12562,444.96,1,5,4,1,1,411,6
99,12564,456.9,1,68,3,1,1,311,5
100,12565,131.17,2,88,2,2,1,221,5
101,12567,3884.32,4,8,4,3,4,434,11
102,12569,1140.62,6,25,4,3,2,432,9
103,12573,160.54,1,34,4,1,1,411,6
104,12574,218.45,1,122,2,1,1,211,4
105,12576,421.65,2,25,4,2,1,421,7
106,12577,195.89,1,166,1,1,1,111,3
107,12578,1567.51,3,123,2,2,3,223,7
108,12580,415.7,1,53,3,1,1,311,5
109,12582,511.36,2,45,3,2,1,321,6
110,12583,3024.39,6,7,4,3,4,434,11
111,12584,453.73,2,77,3,2,1,321,6
112,12585,1982.81,4,41,3,3,3,333,9
115,12591,452.85,1,124,2,1,1,211,4
116,12592,231.8,1,20,4,1,1,411,6
117,12593,236,1,25,4,1,1,411,6
118,12594,1746.99,7,-1,4,4,3,443,11
119,12596,269.95,1,49,3,1,1,311,5
120,12597,516.15,1,75,3,1,1,311,5
121,12598,1265.34,4,27,4,3,3,433,10
122,12599,463.86,3,15,4,2,1,421,7
123,12600,1297.96,7,11,4,4,3,443,11
124,12601,501.46,5,-1,4,3,1,431,8
125,12604,178.5,1,68,3,1,1,311,5
127,12609,287.93,1,125,2,1,1,211,4
128,12613,1462.52,4,4,4,3,3,433,10
129,12614,315.6,1,84,2,1,1,211,4
130,12616,229.4,3,59,3,2,1,321,6
131,12619,631.66,2,41,3,2,2,322,7
132,12620,561.66,1,11,4,1,2,412,7
134,12622,180.1,1,39,3,1,1,311,5
135,12623,305.1,1,83,2,1,1,211,4
136,12625,2614.32,3,18,4,2,4,424,10
137,12626,1166.55,4,118,2,3,2,232,7
138,12633,1729.55,2,3,4,2,3,423,9
139,12637,2323.1,7,46,3,4,3,343,10
140,12639,486.1,1,45,3,1,1,311,5
141,12643,1411.92,3,27,4,2,3,423,9
142,12645,798.9,2,26,4,2,2,422,8
143,12647,2249.41,8,6,4,4,3,443,11
144,12649,355.2,2,19,4,2,1,421,7
145,12651,114,1,141,1,1,1,111,3
146,12652,914.53,2,129,2,2,2,222,6
147,12653,779.1,1,103,2,1,2,212,5
148,12654,337.75,3,4,4,2,1,421,7
149,12656,1621.35,3,10,4,2,3,423,9
150,12662,1311.7,5,46,3,3,3,333,9
151,12664,1303.58,2,39,3,2,3,323,8
152,12665,61.75,2,131,2,2,1,221,5
154,12668,2889.67,4,55,3,3,4,334,10
155,12669,1136.3,3,55,3,2,2,322,7
156,12670,1026.39,2,6,4,2,2,422,8
157,12672,225.9,1,136,1,1,1,111,3
158,12673,220.9,1,133,2,1,1,211,4
159,12674,586.74,1,14,4,1,2,412,7
160,12676,707.4,2,67,3,2,2,322,7
161,12678,3951.84,5,56,3,3,4,334,10
162,12679,869.13,3,12,4,2,2,422,8
164,12682,5277.29,11,-1,4,4,4,444,12
166,12684,917.1,3,4,4,2,2,422,8
167,12686,89.14,1,178,1,1,1,111,3
168,12690,389.01,1,12,4,1,1,411,6
169,12691,406.2,3,125,2,2,1,221,5
170,12693,615.77,4,18,4,3,2,432,9
171,12695,89.25,1,17,4,1,1,411,6
172,12700,1056.43,2,22,4,2,2,422,8
173,12701,337.08,1,49,3,1,1,311,5
174,12705,3126.85,4,8,4,3,4,434,11
175,12707,603.42,1,98,2,1,2,212,5
176,12708,1310.82,7,7,4,4,3,443,11
177,12709,3706.8,10,21,4,4,4,444,12
178,12710,718.96,1,8,4,1,2,412,7
179,12712,2137.98,11,7,4,4,3,443,11
180,12714,1761.92,2,13,4,2,3,423,9
181,12717,609.74,1,52,3,1,2,312,6
183,12721,1080.67,4,53,3,3,2,332,8
184,12724,154.9,1,139,1,1,1,111,3
185,12725,427.8,1,178,1,1,1,111,3
186,12726,1111.28,4,21,4,3,2,432,9
187,12727,1974.32,6,76,3,3,3,333,9
188,12728,617.31,3,64,3,2,2,322,7
190,12733,383.95,1,41,3,1,1,311,5
191,12734,110.4,1,159,1,1,1,111,3
192,12735,779.57,2,122,2,2,2,222,6
193,12736,234,1,139,1,1,1,111,3
194,12738,155.35,1,179,1,1,1,111,3
195,12744,4171.81,6,55,3,3,4,334,10
196,12747,2091.4,6,5,4,3,3,433,10
198,12749,782.1,2,7,4,2,2,422,8
201,12755,2203.2,4,56,3,3,3,333,9
202,12757,587.83,10,7,4,4,2,442,10
204,12759,444.8,1,82,2,1,1,211,4
205,12763,320.08,1,176,1,1,1,111,3
207,12766,4015.71,4,47,3,3,4,334,10
208,12769,1143.6,1,45,3,1,2,312,6
210,12775,710.08,4,10,4,3,2,432,9
211,12778,408.06,3,66,3,2,1,321,6
212,12779,2960.02,7,5,4,4,4,444,12
213,12781,491.75,2,59,3,2,1,321,6
214,12782,1505.35,4,60,3,3,3,333,9
215,12785,311.95,1,171,1,1,1,111,3
216,12787,158.1,1,-1,4,1,1,411,6
217,12790,324.92,1,-1,4,1,1,411,6
218,12791,192.6,1,180,1,1,1,111,3
219,12792,400.54,1,63,3,1,1,311,5
220,12793,545.48,2,141,1,2,2,122,5
221,12797,194.18,3,167,1,2,1,121,4
222,12808,129.4,1,175,1,1,1,111,3
223,12811,514.85,3,67,3,2,1,321,6
224,12815,615.36,1,5,4,1,2,412,7
225,12817,166.04,1,88,2,1,1,211,4
227,12820,170.46,1,133,2,1,1,211,4
228,12821,92.72,1,21,4,1,1,411,6
229,12823,994.5,3,61,3,2,2,322,7
230,12826,697.1,3,123,2,2,2,222,6
231,12829,253.05,3,129,2,2,1,221,5
232,12831,215.05,1,69,3,1,1,311,5
233,12834,312.38,1,89,2,1,1,211,4
234,12836,1661.4,3,26,4,2,3,423,9
235,12838,390.79,1,180,1,1,1,111,3
236,12839,1392.59,5,5,4,3,3,433,10
237,12840,1565.47,4,21,4,3,3,433,10
239,12842,310.73,1,115,2,1,1,211,4
240,12843,627.06,3,20,4,2,2,422,8
241,12845,354.09,4,74,3,3,1,331,7
242,12849,704.5,1,75,3,1,2,312,6
243,12852,299.75,2,97,2,2,1,221,5
244,12853,862.6,5,21,4,3,2,432,9
245,12854,775.02,4,48,3,3,2,332,8
246,12855,38.1,1,179,1,1,1,111,3
247,12857,1106.4,2,17,4,2,2,422,8
250,12866,559.12,1,90,2,1,2,212,5
251,12867,1730.29,5,21,4,3,3,433,10
252,12868,1359,5,25,4,3,3,433,10
254,12871,132,1,14,4,1,1,411,6
255,12872,599.97,2,133,2,2,2,222,6
256,12873,374,1,89,2,1,1,211,4
257,12875,293.76,1,169,1,1,1,111,3
258,12876,726.43,1,3,4,1,2,412,7
259,12877,682.04,7,7,4,4,2,442,10
260,12878,854.99,2,43,3,2,2,322,7
261,12881,298,1,82,2,1,1,211,4
262,12886,747.69,2,20,4,2,2,422,8
263,12888,313.77,4,21,4,3,1,431,8
264,12891,246,2,27,4,2,1,421,7
265,12897,216.5,2,11,4,2,1,421,7
267,12902,138.68,1,71,3,1,1,311,5
269,12909,1500.77,4,4,4,3,3,433,10
270,12910,1142.5,3,4,4,2,2,422,8
271,12913,866.39,3,89,2,2,2,222,6
272,12915,199.65,1,179,1,1,1,111,3
273,12916,2288.98,4,8,4,3,3,433,10
275,12924,651.52,4,5,4,3,2,432,9
276,12928,780.04,2,48,3,2,2,322,7
277,12929,117.85,1,118,2,1,1,211,4
279,12933,109.5,2,90,2,2,1,221,5
280,12935,861.98,3,5,4,2,2,422,8
281,12937,428.23,2,4,4,2,1,421,7
283,12942,396.52,2,4,4,2,1,421,7
285,12944,286.95,1,161,1,1,1,111,3
286,12945,462.95,1,95,2,1,1,211,4
287,12947,870.47,6,27,4,3,2,432,9
288,12948,886.26,3,21,4,2,2,422,8
289,12949,2226.5,5,13,4,3,3,433,10
290,12951,616.38,5,11,4,3,2,432,9
291,12955,697.42,3,10,4,2,2,422,8
292,12956,108.07,1,113,2,1,1,211,4
293,12957,1112.92,5,11,4,3,2,432,9
294,12963,350.2,2,105,2,2,1,221,5
295,12967,1630.95,3,109,2,2,3,223,7
296,12970,23.8,2,129,2,2,1,221,5
298,12974,144.8,1,4,4,1,1,411,6
299,12976,738.6,1,18,4,1,2,412,7
300,12980,4496.61,7,17,4,4,4,444,12
301,12982,377.2,2,46,3,2,1,321,6
302,12987,304.3,1,4,4,1,1,411,6
303,12988,535.32,1,99,2,1,1,211,4
304,12989,3321.64,9,7,4,4,4,444,12
305,12990,97.5,1,117,2,1,1,211,4
306,12993,175.3,2,14,4,2,1,421,7
307,12994,316.4,2,70,3,2,1,321,6
308,12997,583.27,4,40,3,3,2,332,8
309,12999,455.88,3,3,4,2,1,421,7
310,13000,458.53,2,66,3,2,1,321,6
312,13002,120.95,1,125,2,1,1,211,4
313,13003,59.05,1,21,4,1,1,411,6
314,13004,2432.22,8,7,4,4,3,443,11
315,13005,276.9,2,52,3,2,1,321,6
316,13008,178.47,2,130,2,2,1,221,5
317,13011,50.55,1,179,1,1,1,111,3
318,13012,702.29,4,19,4,3,2,432,9
319,13013,2372.29,4,19,4,3,3,433,10
320,13014,1292.98,6,20,4,3,3,433,10
321,13015,1763.04,4,4,4,3,3,433,10
323,13021,737.97,5,22,4,3,2,432,9
324,13026,243.72,2,27,4,2,1,421,7
326,13029,382.5,1,160,1,1,1,111,3
327,13030,427.74,1,175,1,1,1,111,3
328,13033,190.55,1,164,1,1,1,111,3
329,13034,165.86,1,176,1,1,1,111,3
330,13035,333,1,67,3,1,1,311,5
331,13037,577.32,2,26,4,2,2,422,8
332,13038,395.1,1,97,2,1,1,211,4
333,13043,471.57,2,60,3,2,1,321,6
334,13044,560.47,1,98,2,1,2,212,5
335,13046,197.72,1,73,3,1,1,311,5
336,13047,1653.68,8,26,4,4,3,443,11
337,13048,939.92,2,45,3,2,2,322,7
338,13049,153.78,1,125,2,1,1,211,4
340,13052,348.15,1,19,4,1,1,411,6
341,13055,344.86,1,20,4,1,1,411,6
342,13059,183.4,1,56,3,1,1,311,5
343,13060,307.53,1,60,3,1,1,311,5
344,13064,203.3,1,134,2,1,1,211,4
345,13065,205.86,1,180,1,1,1,111,3
346,13068,165,1,126,2,1,1,211,4
348,13070,228.8,1,-1,4,1,1,411,6
349,13072,177.15,1,73,3,1,1,311,5
350,13077,577.44,3,97,2,2,2,222,6
354,13085,134.4,2,32,4,2,1,421,7
356,13090,2937.57,9,45,3,4,4,344,11
357,13092,421.75,5,18,4,3,1,431,8
359,13094,934.08,9,12,4,4,2,442,10
360,13097,2995.36,6,40,3,3,4,334,10
362,13101,101.19,1,41,3,1,1,311,5
364,13104,213.72,2,74,3,2,1,321,6
365,13107,559.29,2,136,1,2,2,122,5
366,13108,350.06,1,179,1,1,1,111,3
367,13110,696.69,4,64,3,3,2,332,8
370,13117,751.37,6,24,4,3,2,432,9
371,13118,786.29,4,15,4,3,2,432,9
372,13120,30.6,1,45,3,1,1,311,5
373,13121,254.73,2,76,3,2,1,321,6
374,13122,903.67,1,47,3,1,2,312,6
376,13126,1054.02,6,60,3,3,2,332,8
377,13132,77.3,1,68,3,1,1,311,5
378,13133,109.8,2,80,3,2,1,321,6
379,13134,489.75,4,41,3,3,1,331,7
381,13136,552.71,3,18,4,2,2,422,8
382,13137,863.84,2,59,3,2,2,322,7
383,13138,386.85,2,47,3,2,1,321,6
384,13139,1170.02,2,22,4,2,2,422,8
385,13140,159.51,1,173,1,1,1,111,3
386,13141,1398.08,5,21,4,3,3,433,10
387,13144,110.95,1,139,1,1,1,111,3
388,13145,295,1,179,1,1,1,111,3
389,13148,1596.97,8,39,3,4,3,343,10
390,13149,376.74,1,96,2,1,1,211,4
391,13151,1250.37,2,10,4,2,3,423,9
392,13155,569.2,2,133,2,2,2,222,6
393,13157,478.29,3,42,3,2,1,321,6
394,13158,256.41,1,125,2,1,1,211,4
395,13161,112.75,1,120,2,1,1,211,4
396,13162,1258.39,3,40,3,2,3,323,8
397,13165,354.64,1,158,1,1,1,111,3
398,13166,414.7,2,89,2,2,1,221,5
399,13168,963.61,4,6,4,3,2,432,9
400,13169,505.2,1,59,3,1,1,311,5
401,13171,140.35,1,106,2,1,1,211,4
402,13173,165.94,1,174,1,1,1,111,3
403,13174,2108.27,2,123,2,2,3,223,7
404,13178,2719.2,5,10,4,3,4,434,11
405,13183,1527.08,3,15,4,2,3,423,9
406,13184,723.81,5,34,4,3,2,432,9
407,13185,71.4,1,74,3,1,1,311,5
408,13187,236.02,1,144,1,1,1,111,3
409,13192,464.32,1,12,4,1,1,411,6
410,13196,512.13,1,69,3,1,1,311,5
411,13198,2076.8,4,56,3,3,3,333,9
413,13203,165.71,1,49,3,1,1,311,5
414,13208,700.21,3,13,4,2,2,422,8
415,13209,2307.14,5,27,4,3,3,433,10
416,13211,110.7,1,168,1,1,1,111,3
417,13213,415.28,2,6,4,2,1,421,7
418,13216,333.74,1,74,3,1,1,311,5
419,13220,559.69,2,26,4,2,2,422,8
420,13221,847.41,2,47,3,2,2,322,7
421,13223,163.2,2,7,4,2,1,421,7
422,13225,3361.08,5,3,4,3,4,434,11
423,13226,108.21,1,80,3,1,1,311,5
424,13227,257.7,1,8,4,1,1,411,6
425,13229,160.95,1,32,4,1,1,411,6
426,13230,1799.48,11,8,4,4,3,443,11
427,13232,691.9,3,3,4,2,2,422,8
428,13233,304.24,1,143,1,1,1,111,3
429,13235,101.17,2,18,4,2,1,421,7
430,13238,91.15,1,167,1,1,1,111,3
431,13239,329.56,1,68,3,1,1,311,5
432,13240,442.41,2,64,3,2,1,321,6
433,13242,104,2,20,4,2,1,421,7
434,13243,600.07,1,10,4,1,2,412,7
435,13246,1648.52,4,13,4,3,3,433,10
436,13249,291.84,1,68,3,1,1,311,5
437,13253,476.48,1,146,1,1,1,111,3
438,13255,225.7,1,180,1,1,1,111,3
439,13258,224.62,1,12,4,1,1,411,6
440,13261,944.1,2,75,3,2,2,322,7
441,13262,200.29,1,70,3,1,1,311,5
443,13265,1124.88,2,52,3,2,2,322,7
444,13266,1438.81,9,10,4,4,3,443,11
446,13268,1798.93,8,5,4,4,3,443,11
447,13269,2019.58,6,20,4,3,3,433,10
448,13270,590,1,173,1,1,2,112,4
449,13280,699.36,2,123,2,2,2,222,6
450,13282,342.15,2,18,4,2,1,421,7
451,13284,196.15,2,129,2,2,1,221,5
452,13285,1173.27,2,33,4,2,2,422,8
453,13292,249.57,1,91,2,1,1,211,4
454,13294,483.65,1,56,3,1,1,311,5
455,13295,197.95,2,166,1,2,1,121,4
456,13299,142.5,1,75,3,1,1,311,5
457,13301,327.77,2,29,4,2,1,421,7
458,13304,300.42,1,158,1,1,1,111,3
459,13305,640.25,4,52,3,3,2,332,8
460,13308,814.95,1,10,4,1,2,412,7
461,13309,546.64,2,13,4,2,2,422,8
462,13310,785.85,4,7,4,3,2,432,9
463,13313,609.74,2,22,4,2,2,422,8
464,13316,1460.24,2,60,3,2,3,323,8
465,13317,1275.77,6,5,4,3,3,433,10
467,13320,466.61,3,18,4,2,1,421,7
468,13324,3766.14,8,10,4,4,4,444,12
469,13327,1421.95,4,66,3,3,3,333,9
471,13329,255.6,3,161,1,2,1,121,4
472,13330,335.82,1,122,2,1,1,211,4
474,13339,860.12,1,7,4,1,2,412,7
476,13341,775.85,1,67,3,1,2,312,6
478,13345,377.6,2,83,2,2,1,221,5
479,13357,609.95,1,64,3,1,2,312,6
480,13358,439.03,1,75,3,1,1,311,5
481,13362,1581.53,2,52,3,2,3,323,8
482,13365,700.6,1,24,4,1,2,412,7
483,13368,623.4,2,63,3,2,2,322,7
484,13369,263.75,2,161,1,2,1,121,4
485,13370,721.32,2,173,1,2,2,122,5
486,13373,987.7,1,83,2,1,2,212,5
487,13376,770,2,10,4,2,2,422,8
488,13381,1071.35,2,14,4,2,2,422,8
489,13382,222.99,1,87,2,1,1,211,4
490,13385,534.57,1,136,1,1,1,111,3
491,13389,257.89,1,39,3,1,1,311,5
492,13391,59.8,1,10,4,1,1,411,6
493,13394,935.33,3,21,4,2,2,422,8
494,13396,370.92,2,119,2,2,1,221,5
495,13397,601.77,2,101,2,2,2,222,6
496,13398,457.34,1,-1,4,1,1,411,6
497,13402,308.28,1,179,1,1,1,111,3
498,13404,217.81,1,19,4,1,1,411,6
499,13405,557.45,2,11,4,2,2,422,8
501,13410,398.79,3,70,3,2,1,321,6
502,13414,390,1,103,2,1,1,211,4
503,13417,236,1,12,4,1,1,411,6
504,13418,3092.65,11,10,4,4,4,444,12
505,13421,822.94,2,97,2,2,2,222,6
506,13425,401.57,1,101,2,1,1,211,4
507,13426,1285.02,4,45,3,3,3,333,9
508,13427,214.5,1,22,4,1,1,411,6
509,13439,283.71,1,62,3,1,1,311,5
510,13448,1379.31,7,20,4,4,3,443,11
511,13450,678.54,2,11,4,2,2,422,8
512,13451,1592.68,4,18,4,3,3,433,10
513,13452,590,2,66,3,2,2,322,7
514,13453,185,1,96,2,1,1,211,4
515,13455,641.95,3,7,4,2,2,422,8
516,13456,207.66,1,14,4,1,1,411,6
518,13462,151.5,1,59,3,1,1,311,5
520,13473,236.16,2,137,1,2,1,121,4
521,13474,229.59,1,43,3,1,1,311,5
522,13475,1278.48,3,24,4,2,3,423,9
523,13476,706.9,2,81,3,2,2,322,7
524,13477,502.98,4,18,4,3,1,431,8
525,13479,291,3,5,4,2,1,421,7
526,13481,966.24,4,-1,4,3,2,432,9
527,13482,184.64,1,39,3,1,1,311,5
528,13484,313.8,1,48,3,1,1,311,5
529,13485,454.24,1,40,3,1,1,311,5
530,13487,408.8,2,20,4,2,1,421,7
531,13488,5522.53,8,3,4,4,4,444,12
532,13489,235.68,2,96,2,2,1,221,5
533,13491,1031.63,8,54,3,4,2,342,9
534,13492,315.3,1,21,4,1,1,411,6
535,13493,618.63,2,82,2,2,2,222,6
536,13494,316.26,1,118,2,1,1,211,4
537,13495,1017.68,4,39,3,3,2,332,8
538,13496,465.61,2,165,1,2,1,121,4
539,13497,321.05,3,89,2,2,1,221,5
540,13499,454.59,3,24,4,2,1,421,7
541,13501,1310.47,2,49,3,2,3,323,8
542,13502,189.16,2,81,3,2,1,321,6
543,13505,1873.29,3,-1,4,2,3,423,9
544,13506,452.82,3,119,2,2,1,221,5
545,13508,110.97,1,50,3,1,1,311,5
546,13509,650.02,3,61,3,2,2,322,7
547,13512,251.21,1,67,3,1,1,311,5
548,13515,203.4,1,54,3,1,1,311,5
549,13516,146,1,45,3,1,1,311,5
550,13520,1479.3,3,66,3,2,3,323,8
551,13523,2369.24,3,6,4,2,3,423,9
552,13524,159.2,1,26,4,1,1,411,6
553,13525,282.88,1,55,3,1,1,311,5
554,13527,585.64,2,8,4,2,2,422,8
555,13529,181.1,1,11,4,1,1,411,6
556,13531,483.8,2,12,4,2,1,421,7
557,13533,146.64,2,74,3,2,1,321,6
559,13538,504.3,2,81,3,2,1,321,6
560,13539,290.15,3,46,3,2,1,321,6
561,13544,122.91,1,47,3,1,1,311,5
562,13546,188.16,1,7,4,1,1,411,6
563,13548,281.01,1,50,3,1,1,311,5
564,13549,510.47,4,-1,4,3,1,431,8
565,13551,91.8,1,126,2,1,1,211,4
566,13552,1838.79,6,12,4,3,3,433,10
567,13555,1590.05,2,8,4,2,3,423,9
568,13557,240.68,1,87,2,1,1,211,4
569,13561,141.86,1,22,4,1,1,411,6
570,13562,603.27,1,52,3,1,2,312,6
571,13564,1198.38,2,161,1,2,2,122,5
572,13565,110.18,1,141,1,1,1,111,3
573,13569,118.32,1,174,1,1,1,111,3
574,13570,239.49,1,50,3,1,1,311,5
575,13571,392.6,3,-1,4,2,1,421,7
577,13573,31.77,1,60,3,1,1,311,5
578,13576,2735.75,8,26,4,4,4,444,12
579,13577,356.75,1,48,3,1,1,311,5
580,13579,164.7,1,176,1,1,1,111,3
581,13581,118,1,116,2,1,1,211,4
582,13584,142.4,1,113,2,1,1,211,4
583,13588,113.3,1,62,3,1,1,311,5
584,13590,912.03,3,6,4,2,2,422,8
585,13591,776.23,2,11,4,2,2,422,8
586,13592,205.51,3,12,4,2,1,421,7
587,13593,976.15,4,70,3,3,2,332,8
589,13600,219.52,1,119,2,1,1,211,4
590,13601,373.2,1,18,4,1,1,411,6
591,13606,250.42,2,50,3,2,1,321,6
592,13610,341.77,3,50,3,2,1,321,6
593,13611,303.15,1,166,1,1,1,111,3
594,13614,205.75,1,137,1,1,1,111,3
595,13615,399.99,2,119,2,2,1,221,5
596,13623,532.02,5,17,4,3,1,431,8
597,13626,257.23,1,59,3,1,1,311,5
598,13627,605.92,2,11,4,2,2,422,8
599,13629,2888,4,17,4,3,4,434,11
600,13630,716.52,3,52,3,2,2,322,7
601,13631,1330,4,8,4,3,3,433,10
602,13632,613.03,2,40,3,2,2,322,7
603,13634,625.41,2,49,3,2,2,322,7
604,13636,533.95,4,55,3,3,1,331,7
605,13637,422.6,1,33,4,1,1,411,6
606,13642,354.8,1,22,4,1,1,411,6
607,13647,424.64,1,41,3,1,1,311,5
608,13649,346.6,2,63,3,2,1,321,6
609,13650,718.52,3,12,4,2,2,422,8
610,13652,638.24,2,63,3,2,2,322,7
611,13654,1172.84,3,8,4,2,2,422,8
612,13655,383.65,1,48,3,1,1,311,5
613,13656,162.7,1,144,1,1,1,111,3
614,13657,152.34,1,8,4,1,1,411,6
615,13658,882.6,2,4,4,2,2,422,8
616,13659,1550.85,3,4,4,2,3,423,9
617,13662,522.16,4,14,4,3,1,431,8
618,13666,64.05,2,94,2,2,1,221,5
621,13675,308.44,1,91,2,1,1,211,4
622,13680,871.48,3,143,1,2,2,122,5
623,13684,64.23,2,92,2,2,1,221,5
624,13692,850.13,4,10,4,3,2,432,9
627,13695,285.48,4,20,4,3,1,431,8
628,13700,943.66,5,47,3,3,2,332,8
629,13703,99.5,1,125,2,1,1,211,4
630,13705,318.14,1,180,1,1,1,111,3
631,13706,330.79,1,109,2,1,1,211,4
632,13707,806.41,2,74,3,2,2,322,7
633,13708,296.88,1,78,3,1,1,311,5
634,13709,474.7,1,122,2,1,1,211,4
635,13711,252.06,2,25,4,2,1,421,7
636,13712,228.84,1,53,3,1,1,311,5
637,13715,1053.94,8,88,2,4,2,242,8
638,13716,138.28,1,76,3,1,1,311,5
639,13717,557.84,3,40,3,2,2,322,7
640,13718,306.55,2,53,3,2,1,321,6
641,13719,338.74,2,12,4,2,1,421,7
642,13720,432.1,2,45,3,2,1,321,6
644,13723,199.85,1,24,4,1,1,411,6
645,13725,1714,8,32,4,4,3,443,11
646,13728,493.93,3,5,4,2,1,421,7
647,13731,610.59,2,26,4,2,2,422,8
648,13735,915.01,2,41,3,2,2,322,7
649,13736,349.63,2,67,3,2,1,321,6
650,13737,339.6,1,7,4,1,1,411,6
651,13740,350.75,1,47,3,1,1,311,5
652,13741,160.86,2,18,4,2,1,421,7
653,13742,1622.58,6,20,4,3,3,433,10
654,13743,353.16,2,24,4,2,1,421,7
655,13744,893.16,1,99,2,1,2,212,5
656,13747,79.6,1,180,1,1,1,111,3
657,13748,580.85,3,39,3,2,2,322,7
658,13750,688.8,2,103,2,2,2,222,6
659,13751,296.25,1,95,2,1,1,211,4
660,13752,724.67,3,15,4,2,2,422,8
661,13753,741.26,1,94,2,1,2,212,5
662,13754,156,1,124,2,1,1,211,4
663,13756,1403.61,4,12,4,3,3,433,10
664,13758,2351.52,5,8,4,3,3,433,10
665,13760,135.09,1,63,3,1,1,311,5
666,13762,5.68E-14,2,11,4,2,1,421,7
667,13764,499.89,1,144,1,1,1,111,3
669,13769,1439.56,8,14,4,4,3,443,11
670,13771,1464.85,2,6,4,2,3,423,9
671,13772,228.42,1,46,3,1,1,311,5
673,13781,127.84,1,57,3,1,1,311,5
674,13782,361.3,2,41,3,2,1,321,6
675,13784,772.47,5,25,4,3,2,432,9
676,13786,230.4,1,174,1,1,1,111,3
677,13787,106.4,1,171,1,1,1,111,3
678,13792,74.6,1,94,2,1,1,211,4
680,13799,341.7,1,101,2,1,1,211,4
681,13800,558.32,1,116,2,1,2,212,5
682,13802,2962.91,4,61,3,3,4,334,10
683,13803,277.07,1,62,3,1,1,311,5
684,13804,723.63,1,96,2,1,2,212,5
685,13807,112.6,1,174,1,1,1,111,3
686,13809,155.05,1,112,2,1,1,211,4
687,13811,258.75,3,42,3,2,1,321,6
688,13815,1012.01,1,125,2,1,2,212,5
689,13817,128.7,1,158,1,1,1,111,3
690,13819,1140.35,3,108,2,2,2,222,6
691,13821,270.15,1,68,3,1,1,311,5
692,13824,1232.98,3,10,4,2,2,422,8
694,13831,1097.99,3,7,4,2,2,422,8
695,13835,328.45,1,22,4,1,1,411,6
696,13837,271.24,2,18,4,2,1,421,7
697,13838,238.11,1,176,1,1,1,111,3
698,13841,85,1,59,3,1,1,311,5
699,13842,1828.47,6,6,4,3,3,433,10
700,13846,646.48,3,49,3,2,2,322,7
701,13848,935,2,104,2,2,2,222,6
702,13851,246.32,1,95,2,1,1,211,4
704,13856,94.4,1,10,4,1,1,411,6
705,13859,201.16,1,133,2,1,1,211,4
706,13862,842.71,4,39,3,3,2,332,8
707,13863,299.56,2,52,3,2,1,321,6
708,13865,123.3,1,96,2,1,1,211,4
709,13867,138.85,1,25,4,1,1,411,6
710,13869,1584.96,3,69,3,2,3,323,8
711,13870,544.03,1,94,2,1,2,212,5
712,13871,2395.73,5,13,4,3,3,433,10
713,13873,222.5,3,25,4,2,1,421,7
714,13874,540.45,1,165,1,1,1,111,3
715,13875,683.68,2,64,3,2,2,322,7
716,13880,1026.63,5,24,4,3,2,432,9
717,13881,3569.46,4,20,4,3,4,434,11
718,13883,1643.2,7,7,4,4,3,443,11
719,13884,189.95,4,84,2,3,1,231,6
720,13885,399.15,1,7,4,1,1,411,6
721,13887,349.55,1,11,4,1,1,411,6
722,13888,239.52,1,25,4,1,1,411,6
723,13890,185.25,2,124,2,2,1,221,5
724,13892,54.52,1,53,3,1,1,311,5
725,13893,821.1,1,104,2,1,2,212,5
726,13894,150.95,2,109,2,2,1,221,5
727,13898,155.93,1,132,2,1,1,211,4
728,13899,298.5,1,81,3,1,1,311,5
729,13900,732.45,2,-1,4,2,2,422,8
730,13901,648.3,2,63,3,2,2,322,7
731,13904,201.12,1,101,2,1,1,211,4
732,13908,808.61,3,18,4,2,2,422,8
733,13911,1703.91,6,4,4,3,3,433,10
734,13918,198.2,1,60,3,1,1,311,5
735,13922,172.25,1,158,1,1,1,111,3
736,13929,373.05,2,129,2,2,1,221,5
737,13931,378.21,1,87,2,1,1,211,4
738,13932,307.4,1,101,2,1,1,211,4
739,13934,922.1,1,70,3,1,2,312,6
740,13939,172.7,2,117,2,2,1,221,5
741,13941,2043.36,3,104,2,2,3,223,7
742,13946,485.97,2,8,4,2,1,421,7
743,13948,102,1,167,1,1,1,111,3
744,13950,179.31,1,53,3,1,1,311,5
745,13951,516.05,2,43,3,2,1,321,6
746,13952,3246.091,3,18,4,2,4,424,10
747,13953,1750,3,17,4,2,3,423,9
748,13955,205.1,1,112,2,1,1,211,4
749,13956,293.67,2,50,3,2,1,321,6
751,13959,337.44,2,88,2,2,1,221,5
752,13962,117.6,1,52,3,1,1,311,5
753,13963,664.54,4,115,2,3,2,232,7
754,13969,1507.08,6,25,4,3,3,433,10
755,13971,926.78,5,18,4,3,2,432,9
756,13972,145.9,1,8,4,1,1,411,6
757,13973,264.7,1,94,2,1,1,211,4
758,13975,938.56,3,22,4,2,2,422,8
759,13976,357.98,1,13,4,1,1,411,6
760,13982,903.8,2,133,2,2,2,222,6
761,13983,1545.37,6,39,3,3,3,333,9
762,13984,717.23,3,56,3,2,2,322,7
763,13985,640.8,2,21,4,2,2,422,8
764,13988,1349.43,3,3,4,2,3,423,9
765,13989,896.67,1,46,3,1,2,312,6
766,13990,311.3,1,20,4,1,1,411,6
767,13993,1488.57,5,12,4,3,3,433,10
768,13995,300.25,2,49,3,2,1,321,6
769,13999,1246.82,4,21,4,3,3,433,10
770,14000,633.71,2,13,4,2,2,422,8
771,14001,1309.14,2,39,3,2,3,323,8
772,14004,900.02,1,95,2,1,2,212,5
773,14005,187.16,1,22,4,1,1,411,6
774,14006,662.09,2,48,3,2,2,322,7
775,14009,685.93,3,5,4,2,2,422,8
776,14012,328.8,1,84,2,1,1,211,4
777,14013,118.5,1,82,2,1,1,211,4
778,14016,3364.63,3,14,4,2,4,424,10
779,14021,501.7,2,18,4,2,1,421,7
780,14022,440,1,32,4,1,1,411,6
781,14023,273.14,1,57,3,1,1,311,5
782,14030,1435.02,5,50,3,3,3,333,9
784,14032,1495.67,10,7,4,4,3,443,11
785,14035,700.58,2,74,3,2,2,322,7
786,14036,626.65,1,91,2,1,2,212,5
787,14037,111.8,1,171,1,1,1,111,3
788,14038,710.42,2,7,4,2,2,422,8
789,14040,1449.38,5,22,4,3,3,433,10
790,14041,141.41,1,73,3,1,1,311,5
791,14044,173.74,1,116,2,1,1,211,4
792,14045,1251.75,3,144,1,2,3,123,6
793,14046,154.99,1,91,2,1,1,211,4
794,14047,617.32,5,6,4,3,2,432,9
795,14048,375.13,2,84,2,2,1,221,5
796,14049,3046.44,3,7,4,2,4,424,10
798,14056,3294.03,11,4,4,4,4,444,12
799,14057,2605.97,9,6,4,4,4,444,12
800,14059,183.6,1,73,3,1,1,311,5
802,14062,4834.63,6,46,3,3,4,334,10
803,14064,686.64,4,18,4,3,2,432,9
804,14066,152.55,1,73,3,1,1,311,5
805,14068,265.85,1,127,2,1,1,211,4
806,14071,225.4,3,48,3,2,1,321,6
807,14075,307.92,1,68,3,1,1,311,5
808,14077,199.61,2,32,4,2,1,421,7
809,14078,583.98,4,20,4,3,2,432,9
810,14081,904.67,4,74,3,3,2,332,8
811,14082,182.25,1,171,1,1,1,111,3
812,14083,489.47,5,6,4,3,1,431,8
813,14085,2799.66,11,5,4,4,4,444,12
815,14090,76.32,1,131,2,1,1,211,4
816,14092,1787.82,8,3,4,4,3,443,11
817,14099,1321.46,5,25,4,3,3,433,10
820,14107,1460.33,5,27,4,3,3,433,10
821,14110,1688.02,3,27,4,2,3,423,9
822,14111,94.2,1,48,3,1,1,311,5
823,14112,1069.5,5,10,4,3,2,432,9
825,14114,386.53,2,80,3,2,1,321,6
827,14127,452.23,2,63,3,2,1,321,6
828,14128,305.54,1,62,3,1,1,311,5
829,14129,358.9,1,67,3,1,1,311,5
830,14130,483.86,1,126,2,1,1,211,4
831,14133,302.7,3,108,2,2,1,221,5
832,14135,2121.26,8,27,4,4,3,443,11
833,14142,311.81,1,180,1,1,1,111,3
834,14145,1128.6,1,24,4,1,2,412,7
835,14146,662.3,3,61,3,2,2,322,7
836,14147,182.8,1,92,2,1,1,211,4
837,14148,157.2,1,40,3,1,1,311,5
838,14149,259.43,3,19,4,2,1,421,7
839,14150,306.18,1,166,1,1,1,111,3
840,14152,304.31,2,39,3,2,1,321,6
841,14154,1345.62,2,46,3,2,3,323,8
842,14155,118.75,1,73,3,1,1,311,5
844,14157,244.72,2,92,2,2,1,221,5
845,14159,652.09,2,63,3,2,2,322,7
846,14161,1110.52,3,22,4,2,2,422,8
847,14162,177.68,1,99,2,1,1,211,4
848,14163,749.79,2,6,4,2,2,422,8
849,14165,122.54,1,82,2,1,1,211,4
850,14167,259,2,70,3,2,1,321,6
851,14173,114.04,1,26,4,1,1,411,6
852,14175,262.98,3,129,2,2,1,221,5
853,14176,574,5,104,2,3,2,232,7
855,14185,197.65,1,138,1,1,1,111,3
856,14188,760.9,2,21,4,2,2,422,8
858,14191,404.35,3,3,4,2,1,421,7
859,14193,422.54,1,76,3,1,1,311,5
861,14195,962.7,3,8,4,2,2,422,8
862,14198,173.4,2,33,4,2,1,421,7
863,14199,185.4,1,25,4,1,1,411,6
864,14201,304.86,5,14,4,3,1,431,8
866,14206,308.26,2,46,3,2,1,321,6
867,14209,1076.85,4,13,4,3,2,432,9
868,14210,1599.65,5,4,4,3,3,433,10
869,14211,880.84,8,14,4,4,2,442,10
871,14214,634.5,3,80,3,2,2,322,7
872,14215,910.31,4,122,2,3,2,232,7
873,14217,783.94,9,6,4,4,2,442,10
874,14220,632.4,2,54,3,2,2,322,7
875,14221,863.98,2,13,4,2,2,422,8
876,14223,289,2,67,3,2,1,321,6
877,14224,495.32,2,22,4,2,1,421,7
878,14226,1678.85,4,6,4,3,3,433,10
879,14227,2391.12,10,3,4,4,3,443,11
880,14229,665.53,4,98,2,3,2,232,7
881,14231,594.2,3,39,3,2,2,322,7
882,14232,691.53,2,64,3,2,2,322,7
883,14233,959.1,3,18,4,2,2,422,8
884,14235,1264.55,2,33,4,2,3,423,9
885,14236,189.3,1,179,1,1,1,111,3
886,14237,161,1,180,1,1,1,111,3
887,14238,146.85,1,133,2,1,1,211,4
888,14239,1237.69,9,7,4,4,2,442,10
889,14240,226.85,1,32,4,1,1,411,6
890,14242,280.55,2,41,3,2,1,321,6
891,14243,1498.07,6,52,3,3,3,333,9
892,14245,1681.6,4,4,4,3,3,433,10
893,14246,449.64,1,52,3,1,1,311,5
894,14247,136.77,1,85,2,1,1,211,4
895,14248,302.58,1,125,2,1,1,211,4
896,14256,935.06,3,61,3,2,2,322,7
897,14257,620.14,1,125,2,1,2,212,5
899,14262,240,1,47,3,1,1,311,5
900,14264,101.2,2,52,3,2,1,321,6
901,14267,809.01,4,47,3,3,2,332,8
902,14270,492.65,1,138,1,1,1,111,3
903,14271,112.32,1,32,4,1,1,411,6
904,14272,132.09,1,61,3,1,1,311,5
905,14273,218.7,2,24,4,2,1,421,7
906,14276,264.9,2,88,2,2,1,221,5
908,14280,134.04,1,3,4,1,1,411,6
909,14282,1809.18,5,10,4,3,3,433,10
911,14287,83.28,2,5,4,2,1,421,7
912,14288,413.85,2,19,4,2,1,421,7
913,14289,594.22,3,6,4,2,2,422,8
914,14290,770.36,2,123,2,2,2,222,6
915,14291,1613.46,3,17,4,2,3,423,9
916,14292,1092.26,4,5,4,3,2,432,9
917,14293,508.02,2,112,2,2,1,221,5
919,14297,232.6,1,81,3,1,1,311,5
921,14299,527.69,9,123,2,4,1,241,7
922,14304,197.1,2,29,4,2,1,421,7
923,14307,1694.98,3,26,4,2,3,423,9
924,14309,903.03,5,41,3,3,2,332,8
925,14311,229.71,2,32,4,2,1,421,7
926,14312,594.02,3,80,3,2,2,322,7
927,14315,530.4,1,73,3,1,1,311,5
928,14320,343.11,3,13,4,2,1,421,7
929,14321,326.82,1,140,1,1,1,111,3
930,14323,286.72,2,40,3,2,1,321,6
931,14326,166.85,2,41,3,2,1,321,6
932,14329,2086,5,34,4,3,3,433,10
933,14334,1665.48,6,10,4,3,3,433,10
934,14336,1114.39,3,5,4,2,2,422,8
935,14338,579.97,1,3,4,1,2,412,7
936,14339,289.91,4,41,3,3,1,331,7
937,14340,134.7,1,25,4,1,1,411,6
938,14341,687.25,5,22,4,3,2,432,9
939,14342,248.75,3,13,4,2,1,421,7
940,14344,645.88,6,13,4,3,2,432,9
941,14346,262.44,1,104,2,1,1,211,4
942,14348,409.57,1,67,3,1,1,311,5
943,14350,258.7,2,77,3,2,1,321,6
944,14352,845.32,2,41,3,2,2,322,7
945,14353,90.6,1,22,4,1,1,411,6
946,14355,174.4,1,172,1,1,1,111,3
947,14364,1117.2,2,7,4,2,2,422,8
948,14367,2745.36,8,19,4,4,4,444,12
949,14368,155,1,126,2,1,1,211,4
950,14371,100.5,1,102,2,1,1,211,4
951,14373,76.55,1,165,1,1,1,111,3
952,14377,314.6,1,69,3,1,1,311,5
953,14379,110.98,1,102,2,1,1,211,4
954,14386,142.4,1,103,2,1,1,211,4
955,14388,1159.74,4,10,4,3,2,432,9
957,14390,1030.13,4,18,4,3,2,432,9
958,14393,67.95,1,25,4,1,1,411,6
959,14395,1615.99,6,29,4,3,3,433,10
960,14396,110.35,1,178,1,1,1,111,3
961,14397,242.24,2,5,4,2,1,421,7
962,14401,552.12,2,122,2,2,2,222,6
963,14403,926.51,3,24,4,2,2,422,8
964,14404,683.98,4,66,3,3,2,332,8
965,14407,972.98,4,6,4,3,2,432,9
966,14408,705.64,2,45,3,2,2,322,7
967,14409,514.9,4,125,2,3,1,231,6
968,14410,709.8,8,13,4,4,2,442,10
969,14411,1063,1,117,2,1,2,212,5
970,14413,122.7,1,169,1,1,1,111,3
971,14414,217.2,1,165,1,1,1,111,3
972,14415,2369.2,7,5,4,4,3,443,11
973,14419,307.56,2,59,3,2,1,321,6
974,14421,455.18,1,18,4,1,1,411,6
975,14422,401.31,1,74,3,1,1,311,5
976,14423,265.2,1,25,4,1,1,411,6
977,14426,1471.33,6,83,2,3,3,233,8
978,14428,326.38,3,39,3,2,1,321,6
979,14431,397.76,2,105,2,2,1,221,5
980,14437,63,1,172,1,1,1,111,3
981,14438,131.9,1,113,2,1,1,211,4
983,14440,1185.71,2,123,2,2,2,222,6
984,14441,260.74,4,62,3,3,1,331,7
985,14442,1548.87,4,5,4,3,3,433,10
986,14443,589.08,5,112,2,3,2,232,7
987,14446,303.04,1,53,3,1,1,311,5
988,14447,601.03,2,3,4,2,2,422,8
989,14448,102.35,1,171,1,1,1,111,3
990,14449,401.3,2,53,3,2,1,321,6
991,14450,269.45,2,50,3,2,1,321,6
992,14451,360,1,1,4,1,1,411,6
993,14457,113.64,1,117,2,1,1,211,4
995,14461,776.23,1,68,3,1,2,312,6
996,14462,922.03,9,19,4,4,2,442,10
997,14463,115.92,1,12,4,1,1,411,6
998,14465,1058.62,3,53,3,2,2,322,7
999,14466,1035.65,3,87,2,2,2,222,6
1000,14467,131.7,1,119,2,1,1,211,4
1001,14470,297.64,1,94,2,1,1,211,4
1002,14472,1328.18,4,64,3,3,3,333,9
1003,14473,85,1,89,2,1,1,211,4
1004,14475,285,2,109,2,2,1,221,5
1005,14476,215.7,1,64,3,1,1,311,5
1006,14477,165,1,104,2,1,1,211,4
1007,14479,316.25,2,60,3,2,1,321,6
1008,14481,302.86,1,94,2,1,1,211,4
1009,14482,238.1,1,46,3,1,1,311,5
1010,14483,137.1,1,88,2,1,1,211,4
1011,14487,112.35,2,175,1,2,1,121,4
1012,14489,463.38,1,14,4,1,1,411,6
1013,14491,127.2,1,179,1,1,1,111,3
1014,14496,538.81,2,118,2,2,1,221,5
1015,14497,457.47,2,108,2,2,1,221,5
1016,14498,166.22,1,168,1,1,1,111,3
1017,14499,126.02,1,85,2,1,1,211,4
1018,14501,66.93,1,126,2,1,1,211,4
1019,14502,971.98,8,41,3,4,2,342,9
1020,14504,542.71,3,50,3,2,2,322,7
1021,14505,3147.32,7,11,4,4,4,444,12
1022,14506,566.86,2,90,2,2,2,222,6
1023,14507,600.31,4,22,4,3,2,432,9
1024,14512,126.32,1,39,3,1,1,311,5
1025,14513,300.25,3,13,4,2,1,421,7
1026,14514,403.11,3,8,4,2,1,421,7
1027,14515,425.4,1,25,4,1,1,411,6
1028,14520,165,1,97,2,1,1,211,4
1029,14522,278.63,1,5,4,1,1,411,6
1030,14524,777.58,4,43,3,3,2,332,8
1031,14525,1201.57,5,42,3,3,2,332,8
1033,14530,1146.91,2,69,3,2,2,322,7
1034,14532,932.85,4,43,3,3,2,332,8
1035,14533,433.5,1,159,1,1,1,111,3
1036,14534,1713.48,9,6,4,4,3,443,11
1037,14535,853.97,1,55,3,1,2,312,6
1038,14536,171.8,1,66,3,1,1,311,5
1039,14538,106.5,1,63,3,1,1,311,5
1040,14540,195.9,1,116,2,1,1,211,4
1041,14541,1013.75,6,21,4,3,2,432,9
1042,14543,1679.69,10,21,4,4,3,443,11
1043,14544,1121.92,1,168,1,1,2,112,4
1044,14546,857.51,3,8,4,2,2,422,8
1045,14548,326.4,1,124,2,1,1,211,4
1046,14549,289.24,1,118,2,1,1,211,4
1047,14551,125.43,1,11,4,1,1,411,6
1048,14553,312.32,2,25,4,2,1,421,7
1049,14555,197.94,1,109,2,1,1,211,4
1050,14560,1222.05,10,3,4,4,2,442,10
1051,14562,916.1,3,39,3,2,2,322,7
1052,14565,1867.05,3,10,4,2,3,423,9
1053,14570,218.06,2,87,2,2,1,221,5
1054,14572,1062.98,4,61,3,3,2,332,8
1055,14573,1329.2,11,7,4,4,3,443,11
1056,14576,35.4,1,179,1,1,1,111,3
1057,14577,468.01,2,39,3,2,1,321,6
1058,14583,174.51,1,12,4,1,1,411,6
1059,14584,474.8,2,4,4,2,1,421,7
1060,14586,134.16,3,34,4,2,1,421,7
1061,14587,1277.43,8,20,4,4,3,443,11
1062,14589,39.75,1,178,1,1,1,111,3
1063,14591,250.22,1,20,4,1,1,411,6
1064,14593,339.59,2,5,4,2,1,421,7
1065,14594,255,1,180,1,1,1,111,3
1066,14595,163.8,1,120,2,1,1,211,4
1067,14600,393.33,1,112,2,1,1,211,4
1068,14603,660,1,81,3,1,2,312,6
1070,14607,495,1,68,3,1,1,311,5
1071,14608,204,1,169,1,1,1,111,3
1072,14609,144,1,103,2,1,1,211,4
1073,14616,406.08,3,49,3,2,1,321,6
1074,14618,196.95,2,144,1,2,1,121,4
1075,14619,379.51,2,46,3,2,1,321,6
1076,14620,393.28,3,11,4,2,1,421,7
1077,14621,305.7,1,165,1,1,1,111,3
1078,14623,192.68,1,42,3,1,1,311,5
1079,14625,861.98,3,3,4,2,2,422,8
1080,14626,569.4,2,33,4,2,2,422,8
1082,14628,331.58,1,49,3,1,1,311,5
1083,14631,630.08,2,42,3,2,2,322,7
1084,14632,114.56,1,69,3,1,1,311,5
1085,14633,344.9,1,73,3,1,1,311,5
1086,14636,300.19,1,75,3,1,1,311,5
1087,14639,1202.98,4,89,2,3,2,232,7
1088,14640,396.8,2,32,4,2,1,421,7
1089,14643,332.74,2,160,1,2,1,121,4
1090,14644,187.5,1,105,2,1,1,211,4
1091,14645,240.1,1,82,2,1,1,211,4
1093,14647,243.22,1,8,4,1,1,411,6
1094,14649,584.22,2,19,4,2,2,422,8
1095,14651,416.32,1,18,4,1,1,411,6
1096,14653,344.81,2,145,1,2,1,121,4
1097,14655,810.56,1,29,4,1,2,412,7
1098,14656,133.11,1,90,2,1,1,211,4
1099,14657,514.45,3,89,2,2,1,221,5
1100,14659,1111.63,5,24,4,3,2,432,9
1101,14662,524.86,3,41,3,2,1,321,6
1102,14665,713.86,4,103,2,3,2,232,7
1104,14669,1269.99,3,48,3,2,3,323,8
1105,14670,411.53,2,87,2,2,1,221,5
1106,14672,765.55,2,41,3,2,2,322,7
1107,14673,373.49,1,174,1,1,1,111,3
1108,14676,1143.52,5,14,4,3,2,432,9
1111,14681,393.95,1,18,4,1,1,411,6
1112,14682,20.8,1,8,4,1,1,411,6
1113,14684,519.26,2,22,4,2,1,421,7
1115,14689,112.8,1,15,4,1,1,411,6
1116,14691,439.6,1,19,4,1,1,411,6
1117,14692,470.8,4,42,3,3,1,331,7
1118,14693,172.9,1,71,3,1,1,311,5
1119,14696,871.35,4,49,3,3,2,332,8
1120,14697,188.61,2,25,4,2,1,421,7
1121,14699,109.13,1,21,4,1,1,411,6
1122,14700,721.55,1,45,3,1,2,312,6
1123,14701,1694.05,7,54,3,4,3,343,10
1124,14702,1222.15,6,88,2,3,2,232,7
1125,14705,179,1,5,4,1,1,411,6
1126,14708,389.36,2,167,1,2,1,121,4
1127,14709,1600.24,5,22,4,3,3,433,10
1128,14711,1413.24,6,8,4,3,3,433,10
1129,14713,1199.93,7,25,4,4,2,442,10
1130,14715,247.45,2,105,2,2,1,221,5
1131,14719,223.46,1,56,3,1,1,311,5
1132,14723,471,3,165,1,2,1,121,4
1133,14727,268.58,1,81,3,1,1,311,5
1134,14729,313.49,1,180,1,1,1,111,3
1135,14730,555.6,3,39,3,2,2,322,7
1136,14731,251.02,2,12,4,2,1,421,7
1137,14732,980.48,3,27,4,2,2,422,8
1140,14737,434,1,160,1,1,1,111,3
1141,14738,525.69,4,6,4,3,1,431,8
1142,14739,1307.62,3,26,4,2,3,423,9
1143,14740,1448.21,3,4,4,2,3,423,9
1144,14741,495.3,2,168,1,2,1,121,4
1145,14744,916.58,7,88,2,4,2,242,8
1146,14745,187.5,2,85,2,2,1,221,5
1147,14747,294.3,2,54,3,2,1,321,6
1148,14748,667.17,4,19,4,3,2,432,9
1149,14754,228.27,1,102,2,1,1,211,4
1150,14755,1817.61,5,12,4,3,3,433,10
1151,14758,1206.94,3,12,4,2,2,422,8
1152,14759,572.25,1,39,3,1,2,312,6
1153,14760,53.8,2,101,2,2,1,221,5
1154,14761,97.5,1,141,1,1,1,111,3
1155,14762,300.52,1,70,3,1,1,311,5
1156,14766,1115.91,5,20,4,3,2,432,9
1158,14770,876.42,2,39,3,2,2,322,7
1159,14775,406.56,1,179,1,1,1,111,3
1160,14776,1074.6,3,25,4,2,2,422,8
1162,14778,334.05,1,115,2,1,1,211,4
1163,14779,386.15,3,87,2,2,1,221,5
1164,14782,200.1,1,126,2,1,1,211,4
1165,14784,114.68,1,130,2,1,1,211,4
1166,14790,152.16,1,60,3,1,1,311,5
1167,14794,645.64,5,10,4,3,2,432,9
1169,14798,75.68,1,117,2,1,1,211,4
1170,14800,3096.35,9,27,4,4,4,444,12
1171,14803,730.79,2,82,2,2,2,222,6
1172,14805,109.25,1,120,2,1,1,211,4
1173,14810,1278.7,8,5,4,4,3,443,11
1174,14813,155.43,2,176,1,2,1,121,4
1175,14816,271.85,1,4,4,1,1,411,6
1176,14817,1110.34,2,7,4,2,2,422,8
1177,14818,118.25,1,60,3,1,1,311,5
1178,14819,84.72,1,-1,4,1,1,411,6
1179,14821,48.8,1,173,1,1,1,111,3
1180,14823,210.65,2,1,4,2,1,421,7
1181,14825,1025.87,5,11,4,3,2,432,9
1182,14828,2139.76,3,3,4,2,3,423,9
1183,14829,332.43,4,166,1,3,1,131,5
1184,14834,229.24,2,39,3,2,1,321,6
1185,14837,492.26,1,8,4,1,1,411,6
1186,14840,62.85,1,74,3,1,1,311,5
1187,14841,1781.85,3,81,3,2,3,323,8
1188,14842,15,2,109,2,2,1,221,5
1189,14844,874.55,1,48,3,1,2,312,6
1191,14850,278.15,2,118,2,2,1,221,5
1192,14851,206.13,1,63,3,1,1,311,5
1193,14852,490.4,1,59,3,1,1,311,5
1194,14853,214.5,1,18,4,1,1,411,6
1195,14854,1191.33,3,34,4,2,2,422,8
1196,14859,295.16,2,7,4,2,1,421,7
1197,14865,37.2,1,179,1,1,1,111,3
1198,14866,103.68,1,173,1,1,1,111,3
1199,14867,605.19,3,25,4,2,2,422,8
1200,14868,439.33,1,40,3,1,1,311,5
1201,14870,327.25,1,68,3,1,1,311,5
1202,14871,248.6,2,62,3,2,1,321,6
1203,14873,519.68,1,17,4,1,1,411,6
1204,14875,358.1,2,67,3,2,1,321,6
1205,14878,851.74,4,8,4,3,2,432,9
1206,14880,129.2,1,95,2,1,1,211,4
1207,14883,310.56,1,18,4,1,1,411,6
1208,14886,364.8,1,59,3,1,1,311,5
1209,14888,369.2,1,14,4,1,1,411,6
1210,14889,135.9,1,143,1,1,1,111,3
1211,14890,125.65,1,60,3,1,1,311,5
1212,14895,3874.13,4,11,4,3,4,434,11
1213,14896,468.77,2,11,4,2,1,421,7
1214,14897,175.5,1,103,2,1,1,211,4
1215,14898,535.73,6,47,3,3,1,331,7
1216,14901,490.75,4,167,1,3,1,131,5
1217,14903,1758.43,6,-1,4,3,3,433,10
1218,14905,308.55,1,40,3,1,1,311,5
1219,14907,959.44,4,167,1,3,2,132,6
1221,14912,482.79,1,53,3,1,1,311,5
1222,14913,615.83,2,80,3,2,2,322,7
1223,14915,142.28,1,84,2,1,1,211,4
1224,14916,295.05,1,131,2,1,1,211,4
1225,14920,977.77,2,19,4,2,2,422,8
1226,14921,903.01,1,8,4,1,2,412,7
1227,14924,310.05,1,52,3,1,1,311,5
1228,14930,1104.13,1,81,3,1,2,312,6
1229,14931,293,3,13,4,2,1,421,7
1230,14932,363.53,1,172,1,1,1,111,3
1231,14934,828.84,1,89,2,1,2,212,5
1234,14944,1284.73,5,24,4,3,3,433,10
1235,14948,278.4,1,26,4,1,1,411,6
1236,14952,3405.31,9,13,4,4,4,444,12
1237,14957,58.49,1,60,3,1,1,311,5
1238,14958,210.65,1,52,3,1,1,311,5
1239,14959,422.38,2,22,4,2,1,421,7
1240,14961,3141.56,8,25,4,4,4,444,12
1241,14962,126.7,1,77,3,1,1,311,5
1242,14964,206.21,1,54,3,1,1,311,5
1243,14970,782.25,2,59,3,2,2,322,7
1244,14973,654.6,1,32,4,1,2,412,7
1245,14976,425.26,4,3,4,3,1,431,8
1246,14978,1537.28,4,42,3,3,3,333,9
1247,14981,102.12,1,53,3,1,1,311,5
1248,14985,296.75,2,5,4,2,1,421,7
1249,14987,163.2,1,172,1,1,1,111,3
1250,14988,334.54,1,18,4,1,1,411,6
1251,14995,119.31,1,87,2,1,1,211,4
1252,14998,183.64,1,48,3,1,1,311,5
1253,15002,1147.59,3,103,2,2,2,222,6
1255,15012,191.06,1,180,1,1,1,111,3
1256,15018,251.39,3,55,3,2,1,321,6
1257,15019,266,1,73,3,1,1,311,5
1258,15021,665.79,6,25,4,3,2,432,9
1259,15023,2857.73,4,25,4,3,4,434,11
1260,15024,688.09,3,103,2,2,2,222,6
1261,15026,230.78,2,47,3,2,1,321,6
1262,15027,639.92,4,5,4,3,2,432,9
1263,15028,185.97,1,175,1,1,1,111,3
1264,15030,152.76,1,75,3,1,1,311,5
1265,15031,150.83,1,89,2,1,1,211,4
1266,15032,4464.1,5,63,3,3,4,334,10
1267,15033,1169.14,3,15,4,2,2,422,8
1268,15034,2655.58,6,39,3,3,4,334,10
1269,15038,401.36,3,22,4,2,1,421,7
1271,15042,135.93,1,6,4,1,1,411,6
1273,15045,286.9,2,59,3,2,1,321,6
1274,15046,2317.46,8,1,4,4,3,443,11
1275,15047,343.62,1,76,3,1,1,311,5
1276,15048,256.45,2,27,4,2,1,421,7
1277,15049,121.17,1,80,3,1,1,311,5
1278,15052,215.78,1,126,2,1,1,211,4
1279,15053,222.65,1,88,2,1,1,211,4
1280,15057,1489.5,2,82,2,2,3,223,7
1281,15058,740.76,5,50,3,3,2,332,8
1282,15059,562.07,5,22,4,3,2,432,9
1284,15062,814.04,3,24,4,2,2,422,8
1285,15063,370.8,1,20,4,1,1,411,6
1286,15065,1384.25,4,34,4,3,3,433,10
1287,15067,848.05,1,89,2,1,2,212,5
1288,15068,239.96,1,63,3,1,1,311,5
1289,15070,106.2,1,179,1,1,1,111,3
1290,15071,588.67,1,82,2,1,2,212,5
1292,15079,893.66,5,19,4,3,2,432,9
1293,15081,230.6,3,11,4,2,1,421,7
1294,15083,88.2,1,63,3,1,1,311,5
1295,15087,306.94,1,88,2,1,1,211,4
1296,15090,381.32,1,115,2,1,1,211,4
1297,15092,457.81,2,22,4,2,1,421,7
1299,15095,770.5,1,10,4,1,2,412,7
1300,15100,635.1,6,137,1,3,2,132,6
1301,15101,94.78,2,144,1,2,1,121,4
1302,15104,1027.44,2,3,4,2,2,422,8
1303,15106,778.45,2,18,4,2,2,422,8
1304,15107,247.66,8,118,2,4,1,241,7
1305,15108,191.4,1,34,4,1,1,411,6
1306,15109,463.75,2,47,3,2,1,321,6
1307,15110,161.15,2,84,2,2,1,221,5
1308,15111,288.5,1,179,1,1,1,111,3
1309,15114,717.91,3,24,4,2,2,422,8
1310,15116,479.65,1,11,4,1,1,411,6
1311,15117,312.4,1,22,4,1,1,411,6
1312,15119,266.4,1,52,3,1,1,311,5
1313,15121,295.15,1,95,2,1,1,211,4
1314,15122,911.06,4,3,4,3,2,432,9
1315,15123,1069.47,1,13,4,1,2,412,7
1317,15128,449.04,4,6,4,3,1,431,8
1318,15129,1120.38,4,17,4,3,2,432,9
1319,15132,489.87,2,6,4,2,1,421,7
1320,15133,657.9,2,64,3,2,2,322,7
1321,15134,239.45,2,20,4,2,1,421,7
1322,15135,127.15,2,40,3,2,1,321,6
1323,15139,178.96,2,46,3,2,1,321,6
1324,15140,1127.45,3,5,4,2,2,422,8
1325,15143,259.45,1,32,4,1,1,411,6
1326,15144,1644.62,6,24,4,3,3,433,10
1327,15145,724.03,2,34,4,2,2,422,8
1328,15146,820.72,2,95,2,2,2,222,6
1329,15147,608.65,2,25,4,2,2,422,8
1330,15150,501.25,1,76,3,1,1,311,5
1331,15157,1055.22,2,164,1,2,2,122,5
1333,15160,158.16,1,164,1,1,1,111,3
1334,15163,155,1,-1,4,1,1,411,6
1335,15164,368.18,2,15,4,2,1,421,7
1336,15165,487.75,1,180,1,1,1,111,3
1337,15167,163,1,127,2,1,1,211,4
1338,15171,1034.5,2,131,2,2,2,222,6
1339,15172,526.2,2,3,4,2,1,421,7
1340,15174,135.75,1,129,2,1,1,211,4
1341,15178,40.5,1,67,3,1,1,311,5
1342,15179,1438.62,4,40,3,3,3,333,9
1343,15180,87.5,1,174,1,1,1,111,3
1344,15181,290.8,3,76,3,2,1,321,6
1345,15182,370.48,1,75,3,1,1,311,5
1346,15187,431.6,1,19,4,1,1,411,6
1348,15192,315,1,172,1,1,1,111,3
1350,15197,353.85,3,59,3,2,1,321,6
1351,15199,657.15,2,42,3,2,2,322,7
1352,15201,590.49,4,7,4,3,2,432,9
1353,15203,692.9,2,5,4,2,2,422,8
1354,15204,316.58,1,164,1,1,1,111,3
1355,15206,17.7,1,82,2,1,1,211,4
1356,15208,65.4,1,160,1,1,1,111,3
1357,15210,331.18,1,32,4,1,1,411,6
1358,15211,383.07,1,172,1,1,1,111,3
1359,15212,88.95,2,46,3,2,1,321,6
1360,15213,325.05,3,125,2,2,1,221,5
1361,15214,514.93,1,49,3,1,1,311,5
1363,15218,1757.26,3,24,4,2,3,423,9
1364,15220,838.15,4,10,4,3,2,432,9
1365,15221,114.1,2,173,1,2,1,121,4
1366,15222,585,1,125,2,1,2,212,5
1367,15223,454.9,3,32,4,2,1,421,7
1368,15224,310.48,3,165,1,2,1,121,4
1369,15225,409.4,1,41,3,1,1,311,5
1370,15226,154.41,1,117,2,1,1,211,4
1371,15227,876.82,3,22,4,2,2,422,8
1372,15228,904.85,1,101,2,1,2,212,5
1373,15230,429.6,2,46,3,2,1,321,6
1374,15234,197,1,83,2,1,1,211,4
1376,15236,321.05,1,105,2,1,1,211,4
1377,15237,1093.65,2,10,4,2,2,422,8
1378,15240,608.1,4,48,3,3,2,332,8
1379,15241,947.55,4,-1,4,3,2,432,9
1380,15244,297.94,1,55,3,1,1,311,5
1382,15246,514.15,2,45,3,2,1,321,6
1383,15249,2832.92,6,3,4,3,4,434,11
1385,15257,232.15,2,88,2,2,1,221,5
1386,15258,315.66,1,24,4,1,1,411,6
1387,15260,882.6,4,10,4,3,2,432,9
1388,15262,178.95,1,130,2,1,1,211,4
1389,15265,712.24,1,42,3,1,2,312,6
1390,15266,119.3,1,145,1,1,1,111,3
1391,15270,1272.35,5,45,3,3,3,333,9
1392,15271,735.61,5,11,4,3,2,432,9
1393,15279,277.41,2,161,1,2,1,121,4
1394,15281,1863.11,8,4,4,4,3,443,11
1395,15288,1624,3,7,4,2,3,423,9
1396,15289,375.45,1,56,3,1,1,311,5
1397,15290,1985.92,10,10,4,4,3,443,11
1399,15292,180.94,1,8,4,1,1,411,6
1400,15296,1777.81,2,19,4,2,3,423,9
1401,15298,1238.44,4,69,3,3,2,332,8
1402,15299,2363.09,6,46,3,3,3,333,9
1403,15301,2104,4,12,4,3,3,433,10
1404,15303,574.02,1,97,2,1,2,212,5
1405,15304,376.65,6,25,4,3,1,431,8
1406,15308,302.27,2,77,3,2,1,321,6
1408,15312,604.15,3,22,4,2,2,422,8
1409,15314,327.97,1,6,4,1,1,411,6
1410,15316,165,1,133,2,1,1,211,4
1411,15319,204.5,1,90,2,1,1,211,4
1412,15321,1159.47,1,98,2,1,2,212,5
1413,15326,311.71,1,140,1,1,1,111,3
1415,15332,1661.06,4,173,1,3,3,133,7
1416,15333,1028.56,1,15,4,1,2,412,7
1417,15339,257.9,1,125,2,1,1,211,4
1418,15346,252.42,1,139,1,1,1,111,3
1419,15347,201.6,1,173,1,1,1,111,3
1420,15350,115.65,1,180,1,1,1,111,3
1421,15351,261.28,2,176,1,2,1,121,4
1422,15353,777.02,2,61,3,2,2,322,7
1423,15356,1201.81,5,25,4,3,2,432,9
1425,15361,418.92,1,168,1,1,1,111,3
1426,15363,318.05,2,48,3,2,1,321,6
1427,15364,331.8,1,61,3,1,1,311,5
1428,15365,208.61,1,122,2,1,1,211,4
1429,15366,105.54,1,165,1,1,1,111,3
1430,15367,1406.28,3,10,4,2,3,423,9
1431,15370,1127.94,3,10,4,2,2,422,8
1432,15373,988.95,7,17,4,4,2,442,10
1433,15376,654.17,1,29,4,1,2,412,7
1434,15379,3191.71,6,15,4,3,4,434,11
1435,15380,230.1,1,172,1,1,1,111,3
1436,15381,596.85,2,20,4,2,2,422,8
1437,15382,1575.27,3,17,4,2,3,423,9
1438,15384,296.92,2,166,1,2,1,121,4
1439,15388,140.54,1,77,3,1,1,311,5
1440,15392,319.18,2,165,1,2,1,121,4
1441,15393,124.1,1,88,2,1,1,211,4
1442,15394,1436.44,2,11,4,2,3,423,9
1443,15395,107.45,1,132,2,1,1,211,4
1444,15397,94,1,96,2,1,1,211,4
1445,15400,346.1,1,85,2,1,1,211,4
1446,15402,440.99,1,3,4,1,1,411,6
1447,15406,252.29,2,108,2,2,1,221,5
1448,15407,329.86,2,29,4,2,1,421,7
1449,15408,267.18,1,71,3,1,1,311,5
1450,15410,1800.89,5,10,4,3,3,433,10
1451,15414,36.2,1,49,3,1,1,311,5
1452,15415,572.81,1,120,2,1,2,212,5
1453,15416,2274.43,2,46,3,2,3,323,8
1454,15421,739.36,3,22,4,2,2,422,8
1455,15422,97.7,2,130,2,2,1,221,5
1456,15424,383.34,2,61,3,2,1,321,6
1457,15426,658.03,3,64,3,2,2,322,7
1458,15433,533.3,2,20,4,2,1,421,7
1459,15434,262.96,2,6,4,2,1,421,7
1460,15436,489.05,1,41,3,1,1,311,5
1461,15437,200.16,1,69,3,1,1,311,5
1462,15440,125.8,1,15,4,1,1,411,6
1463,15442,594,1,55,3,1,2,312,6
1464,15443,437.71,1,127,2,1,1,211,4
1465,15445,113.5,1,71,3,1,1,311,5
1466,15447,155.17,1,137,1,1,1,111,3
1467,15448,494.64,1,119,2,1,1,211,4
1468,15449,344.27,2,49,3,2,1,321,6
1469,15452,247.25,1,71,3,1,1,311,5
1470,15454,179.1,1,169,1,1,1,111,3
1471,15456,447.22,3,90,2,2,1,221,5
1472,15457,237.07,1,69,3,1,1,311,5
1473,15460,216.76,1,161,1,1,1,111,3
1474,15464,1048.85,1,145,1,1,2,112,4
1477,15482,1437.44,3,57,3,2,3,323,8
1478,15483,114.85,1,73,3,1,1,311,5
1479,15485,1278.63,2,143,1,2,3,123,6
1480,15489,348.26,1,18,4,1,1,411,6
1481,15491,1644.92,3,25,4,2,3,423,9
1482,15493,938.5,3,56,3,2,2,322,7
1483,15497,968.1,2,119,2,2,2,222,6
1485,15502,2219.91,9,77,3,4,3,343,10
1486,15503,147.09,1,169,1,1,1,111,3
1487,15508,629.11,3,26,4,2,2,422,8
1488,15510,250,1,137,1,1,1,111,3
1489,15512,101.2,1,166,1,1,1,111,3
1491,15514,1385.67,8,32,4,4,3,443,11
1492,15517,267.03,1,40,3,1,1,311,5
1493,15518,972.92,6,22,4,3,2,432,9
1494,15521,1542.78,5,19,4,3,3,433,10
1495,15525,313.93,1,180,1,1,1,111,3
1496,15527,900.04,3,26,4,2,2,422,8
1497,15528,229.33,1,61,3,1,1,311,5
1498,15529,1932.21,7,17,4,4,3,443,11
1499,15530,553.13,1,53,3,1,2,312,6
1500,15532,356.35,1,165,1,1,1,111,3
1501,15535,334.89,6,43,3,3,1,331,7
1502,15543,127.86,1,95,2,1,1,211,4
1503,15544,1759.47,4,18,4,3,3,433,10
1504,15545,135.33,1,178,1,1,1,111,3
1505,15547,2404.53,7,1,4,4,3,443,11
1506,15549,904.6,2,122,2,2,2,222,6
1507,15550,137.9,1,108,2,1,1,211,4
1508,15552,90.12,1,24,4,1,1,411,6
1509,15554,217.2,1,84,2,1,1,211,4
1510,15555,1628.93,7,8,4,4,3,443,11
1511,15561,265.75,1,22,4,1,1,411,6
1512,15562,134.55,1,158,1,1,1,111,3
1513,15563,735.62,2,7,4,2,2,422,8
1514,15569,288.5,1,139,1,1,1,111,3
1515,15570,2469.87,9,13,4,4,4,444,12
1516,15572,876.04,3,55,3,2,2,322,7
1517,15574,590.15,3,165,1,2,2,122,5
1518,15577,29.65,1,112,2,1,1,211,4
1519,15579,199.6,1,120,2,1,1,211,4
1520,15581,634.96,8,33,4,4,2,442,10
1521,15582,303.61,1,27,4,1,1,411,6
1522,15587,344.88,1,158,1,1,1,111,3
1523,15589,456.58,4,59,3,3,1,331,7
1525,15594,263.66,2,39,3,2,1,321,6
1526,15596,1326.44,8,6,4,4,3,443,11
1527,15599,448.83,1,11,4,1,1,411,6
1529,15602,341.46,10,7,4,4,1,441,9
1530,15605,690.18,3,59,3,2,2,322,7
1531,15606,1826.35,6,29,4,3,3,433,10
1532,15607,104.76,1,143,1,1,1,111,3
1533,15611,315.6,4,63,3,3,1,331,7
1535,15620,854.06,4,10,4,3,2,432,9
1536,15622,2506.75,9,4,4,4,4,444,12
1537,15624,311.4,2,13,4,2,1,421,7
1538,15625,695.33,1,42,3,1,2,312,6
1539,15626,281.88,1,136,1,1,1,111,3
1540,15628,691.01,2,62,3,2,2,322,7
1541,15630,390.91,2,7,4,2,1,421,7
1542,15632,1226.6,4,32,4,3,2,432,9
1543,15636,306.7,1,89,2,1,1,211,4
1546,15641,1305.38,3,67,3,2,3,323,8
1547,15643,337.1,1,89,2,1,1,211,4
1548,15644,423.19,3,63,3,2,1,321,6
1549,15646,317.54,3,49,3,2,1,321,6
1550,15648,599.9,4,11,4,3,2,432,9
1551,15649,816,2,143,1,2,2,122,5
1552,15651,227.32,1,67,3,1,1,311,5
1553,15655,511.32,2,40,3,2,1,321,6
1554,15656,306.86,2,27,4,2,1,421,7
1555,15658,951.4,7,4,4,4,2,442,10
1556,15660,693.92,6,3,4,3,2,432,9
1557,15661,309.8,2,124,2,2,1,221,5
1560,15668,76.32,1,24,4,1,1,411,6
1561,15669,198.8,1,70,3,1,1,311,5
1562,15670,173.05,1,103,2,1,1,211,4
1563,15671,1016.13,5,49,3,3,2,332,8
1564,15673,1785.73,2,21,4,2,3,423,9
1565,15674,677.08,7,20,4,4,2,442,10
1566,15675,45,1,87,2,1,1,211,4
1567,15676,877.4,2,20,4,2,2,422,8
1568,15680,478.89,1,173,1,1,1,111,3
1569,15681,345.68,1,87,2,1,1,211,4
1570,15687,1392.5,5,75,3,3,3,333,9
1571,15689,103.5,1,168,1,1,1,111,3
1572,15691,136.8,1,59,3,1,1,311,5
1573,15694,2621.18,8,10,4,4,4,444,12
1574,15695,409.98,2,73,3,2,1,321,6
1575,15696,1550.85,9,20,4,4,3,443,11
1576,15703,211.5,1,71,3,1,1,311,5
1577,15704,938.85,1,22,4,1,2,412,7
1578,15705,143.1,1,8,4,1,1,411,6
1579,15708,2052.08,7,25,4,4,3,443,11
1580,15709,133.25,1,90,2,1,1,211,4
1581,15712,299.8,1,94,2,1,1,211,4
1582,15713,161.2,2,167,1,2,1,121,4
1583,15716,902.44,3,8,4,2,2,422,8
1584,15717,150.3,1,41,3,1,1,311,5
1585,15719,2430.97,7,6,4,4,3,443,11
1586,15722,324.05,1,97,2,1,1,211,4
1587,15723,203.1,1,171,1,1,1,111,3
1588,15724,212.3,3,8,4,2,1,421,7
1589,15727,3250.87,4,5,4,3,4,434,11
1590,15729,62,2,5,4,2,1,421,7
1591,15730,454.93,2,11,4,2,1,421,7
1592,15732,294.12,2,19,4,2,1,421,7
1593,15733,162.3,1,89,2,1,1,211,4
1594,15734,578.65,1,7,4,1,2,412,7
1595,15737,469.28,2,47,3,2,1,321,6
1597,15745,302.85,1,43,3,1,1,311,5
1599,15750,598.32,4,90,2,3,2,232,7
1600,15752,1045.18,3,56,3,2,2,322,7
1601,15753,79.2,1,111,2,1,1,211,4
1602,15754,91.8,1,53,3,1,1,311,5
1603,15755,620.73,2,42,3,2,2,322,7
1604,15756,249.12,2,20,4,2,1,421,7
1605,15757,261.36,1,24,4,1,1,411,6
1606,15759,253.04,3,25,4,2,1,421,7
1607,15764,1120.93,1,83,2,1,2,212,5
1608,15768,439.15,3,10,4,2,1,421,7
1610,15775,104.9,1,52,3,1,1,311,5
1611,15777,1021.61,5,48,3,3,2,332,8
1612,15780,402.76,2,49,3,2,1,321,6
1613,15781,83.35,1,112,2,1,1,211,4
1614,15785,1319.45,3,4,4,2,3,423,9
1615,15789,351.3,1,165,1,1,1,111,3
1617,15793,306.64,1,75,3,1,1,311,5
1618,15796,973.84,4,7,4,3,2,432,9
1619,15797,1840.2,3,21,4,2,3,423,9
1620,15799,320.22,1,141,1,1,1,111,3
1621,15800,244.5,1,53,3,1,1,311,5
1622,15804,525.36,1,5,4,1,1,411,6
1623,15805,2480.73,6,4,4,3,4,434,11
1624,15806,300.36,1,83,2,1,1,211,4
1625,15808,3724.77,5,113,2,3,4,234,9
1626,15809,383.31,3,11,4,2,1,421,7
1627,15810,854.12,2,39,3,2,2,322,7
1628,15811,1253.44,6,11,4,3,3,433,10
1629,15812,764.76,2,61,3,2,2,322,7
1630,15813,1303.91,2,14,4,2,3,423,9
1631,15815,1394.08,3,19,4,2,3,423,9
1632,15819,1177.14,2,6,4,2,2,422,8
1633,15820,206.98,1,126,2,1,1,211,4
1634,15822,440.2,1,166,1,1,1,111,3
1636,15826,720,1,17,4,1,2,412,7
1638,15831,255.94,2,131,2,2,1,221,5
1639,15832,836.79,1,61,3,1,2,312,6
1640,15834,1257.52,3,84,2,2,3,223,7
1641,15835,488.31,2,67,3,2,1,321,6
1643,15841,613.26,2,25,4,2,2,422,8
1644,15843,118.95,1,110,2,1,1,211,4
1645,15845,1486.16,4,17,4,3,3,433,10
1646,15847,180.68,1,95,2,1,1,211,4
1647,15852,103.21,1,4,4,1,1,411,6
1648,15854,1584.39,6,11,4,3,3,433,10
1649,15855,342.51,3,13,4,2,1,421,7
1651,15858,816.22,2,96,2,2,2,222,6
1652,15860,420.26,3,39,3,2,1,321,6
1653,15861,722.48,2,74,3,2,2,322,7
1654,15862,491.01,2,11,4,2,1,421,7
1655,15863,9.2,1,-1,4,1,1,411,6
1656,15864,228.52,2,118,2,2,1,221,5
1657,15865,313.93,1,20,4,1,1,411,6
1658,15867,1755.05,9,3,4,4,3,443,11
1659,15869,149.64,2,84,2,2,1,221,5
1660,15874,2136.2,6,24,4,3,3,433,10
1661,15880,313.28,2,176,1,2,1,121,4
1662,15881,438.24,8,119,2,4,1,241,7
1663,15882,495.36,5,5,4,3,1,431,8
1664,15885,15,1,116,2,1,1,211,4
1665,15889,297.92,1,176,1,1,1,111,3
1666,15891,524.52,1,33,4,1,1,411,6
1667,15894,263.55,2,60,3,2,1,321,6
1668,15897,222.05,2,1,4,2,1,421,7
1669,15898,998.79,5,27,4,3,2,432,9
1670,15899,56.25,1,175,1,1,1,111,3
1671,15903,641.22,3,34,4,2,2,422,8
1672,15906,637.26,4,26,4,3,2,432,9
1673,15907,251.18,1,17,4,1,1,411,6
1674,15910,550.61,4,14,4,3,2,432,9
1675,15912,141.49,1,40,3,1,1,311,5
1676,15916,716.88,5,53,3,3,2,332,8
1677,15917,123.1,1,54,3,1,1,311,5
1678,15918,142,1,78,3,1,1,311,5
1679,15919,270.72,1,175,1,1,1,111,3
1680,15922,363.6,2,179,1,2,1,121,4
1681,15923,127.08,1,179,1,1,1,111,3
1682,15925,207.15,1,1,4,1,1,411,6
1683,15932,1260.48,6,21,4,3,3,433,10
1684,15935,416.86,2,46,3,2,1,321,6
1685,15938,335.3,4,8,4,3,1,431,8
1687,15940,31.8,2,118,2,2,1,221,5
1688,15944,325.1,1,83,2,1,1,211,4
1689,15945,181,1,172,1,1,1,111,3
1690,15950,428.82,1,166,1,1,1,111,3
1691,15951,375.17,1,92,2,1,1,211,4
1692,15952,232.65,1,32,4,1,1,411,6
1693,15953,807.24,5,18,4,3,2,432,9
1694,15955,1445.62,3,10,4,2,3,423,9
1695,15965,156.19,1,174,1,1,1,111,3
1696,15967,173.8,1,125,2,1,1,211,4
1697,15970,314.1,1,110,2,1,1,211,4
1698,15971,1086.15,4,49,3,3,2,332,8
1699,15973,99.77,3,42,3,2,1,321,6
1700,15974,1560.89,4,18,4,3,3,433,10
1701,15976,209.99,1,27,4,1,1,411,6
1702,15980,760.18,1,61,3,1,2,312,6
1703,15981,1622.2,4,17,4,3,3,433,10
1704,15983,1148.27,3,167,1,2,2,122,5
1705,15984,782.08,5,40,3,3,2,332,8
1706,15985,899.58,1,43,3,1,2,312,6
1707,15987,516.08,4,6,4,3,1,431,8
1708,15990,401.37,1,94,2,1,1,211,4
1709,15996,655.27,3,70,3,2,2,322,7
1710,15998,1782.22,2,69,3,2,3,323,8
1711,16003,1181,1,166,1,1,2,112,4
1712,16005,177.59,1,77,3,1,1,311,5
1713,16006,101.4,1,18,4,1,1,411,6
1714,16007,369.75,1,22,4,1,1,411,6
1715,16008,139.15,1,11,4,1,1,411,6
1716,16010,407.5,3,52,3,2,1,321,6
1717,16011,990.84,6,40,3,3,2,332,8
1719,16014,262.93,1,98,2,1,1,211,4
1720,16016,809.07,5,3,4,3,2,432,9
1721,16019,2489.5,6,39,3,3,4,334,10
1722,16022,628.28,1,67,3,1,2,312,6
1723,16023,500.69,2,-1,4,2,1,421,7
1724,16027,434.17,4,25,4,3,1,431,8
1726,16030,331.24,1,116,2,1,1,211,4
1727,16031,305.63,1,54,3,1,1,311,5
1729,16034,437.7,3,3,4,2,1,421,7
1730,16036,188.73,1,70,3,1,1,311,5
1731,16037,855.02,3,76,3,2,2,322,7
1732,16038,316.95,1,8,4,1,1,411,6
1733,16040,422.43,1,75,3,1,1,311,5
1735,16043,676.49,3,18,4,2,2,422,8
1736,16045,861.25,2,52,3,2,2,322,7
1737,16048,256.44,2,180,1,2,1,121,4
1738,16055,134.8,1,27,4,1,1,411,6
1739,16057,974.24,5,6,4,3,2,432,9
1740,16059,647.7,3,61,3,2,2,322,7
1742,16062,578.18,2,48,3,2,2,322,7
1743,16063,335.32,2,67,3,2,1,321,6
1744,16065,372.09,1,172,1,1,1,111,3
1745,16072,584.32,1,95,2,1,2,212,5
1746,16073,94.35,2,98,2,2,1,221,5
1747,16076,305.45,1,15,4,1,1,411,6
1748,16078,79.2,1,90,2,1,1,211,4
1749,16080,89.7,2,70,3,2,1,321,6
1750,16081,568.13,2,66,3,2,2,322,7
1751,16083,337.98,1,167,1,1,1,111,3
1752,16084,436.18,1,106,2,1,1,211,4
1753,16085,325.04,2,43,3,2,1,321,6
1754,16086,584.98,4,6,4,3,2,432,9
1755,16091,157.25,1,5,4,1,1,411,6
1756,16092,593.73,2,4,4,2,2,422,8
1757,16094,215.7,3,20,4,2,1,421,7
1758,16096,320.62,1,71,3,1,1,311,5
1759,16097,185.05,1,47,3,1,1,311,5
1760,16098,1010.3,4,41,3,3,2,332,8
1761,16099,318.3,1,32,4,1,1,411,6
1762,16103,534.46,2,33,4,2,1,421,7
1763,16105,336.96,1,55,3,1,1,311,5
1764,16109,611.88,2,25,4,2,2,422,8
1765,16110,693.93,2,69,3,2,2,322,7
1766,16112,136.14,2,140,1,2,1,121,4
1767,16115,510.9,3,19,4,2,1,421,7
1768,16116,592.88,2,12,4,2,2,422,8
1769,16121,287.89,1,22,4,1,1,411,6
1770,16122,249.84,2,139,1,2,1,121,4
1771,16124,187.15,2,123,2,2,1,221,5
1772,16125,289.35,1,174,1,1,1,111,3
1773,16126,891.35,1,103,2,1,2,212,5
1774,16128,388.3,1,89,2,1,1,211,4
1775,16131,1664.52,2,14,4,2,3,423,9
1777,16134,269.13,2,161,1,2,1,121,4
1778,16135,517.55,1,69,3,1,1,311,5
1779,16136,159.3,1,84,2,1,1,211,4
1781,16139,139.8,1,13,4,1,1,411,6
1782,16140,124.14,1,178,1,1,1,111,3
1783,16142,535.34,1,56,3,1,1,311,5
1784,16143,1569.07,5,19,4,3,3,433,10
1785,16144,175.2,1,53,3,1,1,311,5
1786,16145,1300.57,7,26,4,4,3,443,11
1787,16146,659.13,2,10,4,2,2,422,8
1788,16148,76.32,1,103,2,1,1,211,4
1789,16150,880.88,4,74,3,3,2,332,8
1791,16153,401.91,2,24,4,2,1,421,7
1792,16156,1044.57,4,13,4,3,2,432,9
1793,16159,348.2,1,88,2,1,1,211,4
1795,16162,37.4,1,59,3,1,1,311,5
1796,16163,441.6,3,32,4,2,1,421,7
1797,16168,1251.81,9,-1,4,4,3,443,11
1798,16170,625.58,2,41,3,2,2,322,7
1799,16172,199.38,1,48,3,1,1,311,5
1800,16175,466.98,2,11,4,2,1,421,7
1801,16180,2745.43,4,17,4,3,4,434,11
1803,16184,148.22,1,18,4,1,1,411,6
1804,16185,335,1,39,3,1,1,311,5
1805,16186,1047.21,4,18,4,3,2,432,9
1806,16187,2564.64,7,10,4,4,4,444,12
1807,16188,565.77,2,33,4,2,2,422,8
1809,16193,314.45,1,43,3,1,1,311,5
1810,16202,365.27,1,167,1,1,1,111,3
1811,16203,314.55,3,34,4,2,1,421,7
1812,16206,288.75,2,15,4,2,1,421,7
1813,16208,497.59,1,96,2,1,1,211,4
1814,16209,305.95,1,53,3,1,1,311,5
1816,16212,489,2,88,2,2,1,221,5
1817,16214,749.67,2,59,3,2,2,322,7
1818,16216,914.93,1,74,3,1,2,312,6
1819,16217,259.39,4,42,3,3,1,331,7
1820,16218,1728.76,4,13,4,3,3,433,10
1821,16221,315.37,2,82,2,2,1,221,5
1822,16222,846.72,1,125,2,1,2,212,5
1823,16224,543.21,2,47,3,2,2,322,7
1824,16225,416.61,2,84,2,2,1,221,5
1825,16226,255.12,3,10,4,2,1,421,7
1826,16227,308.32,2,26,4,2,1,421,7
1827,16229,358.2,1,19,4,1,1,411,6
1828,16230,275.93,1,27,4,1,1,411,6
1829,16232,366.47,2,22,4,2,1,421,7
1830,16233,211.95,4,136,1,3,1,131,5
1831,16235,335.56,3,102,2,2,1,221,5
1832,16241,833.96,4,19,4,3,2,432,9
1833,16242,387.95,3,21,4,2,1,421,7
1834,16244,1522.75,2,18,4,2,3,423,9
1835,16245,445.13,2,53,3,2,1,321,6
1836,16249,1020.53,2,8,4,2,2,422,8
1837,16250,389.44,2,68,3,2,1,321,6
1840,16255,1061.67,4,53,3,3,2,332,8
1841,16256,732.63,2,64,3,2,2,322,7
1842,16258,1032.46,1,26,4,1,2,412,7
1843,16261,254.96,1,53,3,1,1,311,5
1845,16265,2851.29,7,25,4,4,4,444,12
1846,16266,371.84,3,7,4,2,1,421,7
1847,16270,1141.24,1,160,1,1,2,112,4
1848,16271,133.22,1,165,1,1,1,111,3
1849,16274,357.95,1,180,1,1,1,111,3
1850,16275,559.87,1,3,4,1,2,412,7
1852,16282,168.3,1,146,1,1,1,111,3
1853,16283,277.81,1,15,4,1,1,411,6
1854,16293,1129.74,4,14,4,3,2,432,9
1855,16297,275.4,4,19,4,3,1,431,8
1856,16303,827.18,1,140,1,1,2,112,4
1857,16306,602.27,9,20,4,4,2,442,10
1859,16309,334.2,1,47,3,1,1,311,5
1860,16315,226.37,1,137,1,1,1,111,3
1861,16316,1780.81,7,13,4,4,3,443,11
1862,16317,570.76,1,104,2,1,2,212,5
1863,16319,404.4,1,24,4,1,1,411,6
1864,16320,852.68,1,20,4,1,2,412,7
1865,16321,155.7,4,112,2,3,1,231,6
1866,16323,207.5,1,3,4,1,1,411,6
1867,16325,137.72,2,41,3,2,1,321,6
1868,16326,535.68,3,21,4,2,1,421,7
1869,16327,2469.64,4,6,4,3,4,434,11
1870,16332,122.3,1,112,2,1,1,211,4
1872,16339,109.95,1,91,2,1,1,211,4
1873,16341,792.21,2,3,4,2,2,422,8
1874,16348,455.7,2,47,3,2,1,321,6
1875,16349,53.5,1,97,2,1,1,211,4
1876,16350,360.7,2,140,1,2,1,121,4
1877,16351,153.9,1,139,1,1,1,111,3
1878,16353,2155.28,11,24,4,4,3,443,11
1879,16356,210.32,4,4,4,3,1,431,8
1880,16357,137.9,1,20,4,1,1,411,6
1881,16359,754.46,7,21,4,4,2,442,10
1882,16365,489.36,3,60,3,2,1,321,6
1883,16367,170.91,1,169,1,1,1,111,3
1884,16369,354.45,1,3,4,1,1,411,6
1885,16370,275.54,1,32,4,1,1,411,6
1886,16374,156.3,1,69,3,1,1,311,5
1887,16377,676.2,1,74,3,1,2,312,6
1888,16378,362.95,3,54,3,2,1,321,6
1889,16383,309.46,1,75,3,1,1,311,5
1890,16384,409.1,1,70,3,1,1,311,5
1891,16385,148.23,1,173,1,1,1,111,3
1892,16386,61.1,1,60,3,1,1,311,5
1893,16387,94.36,1,129,2,1,1,211,4
1894,16389,670.17,2,12,4,2,2,422,8
1895,16392,221.19,1,76,3,1,1,311,5
1896,16393,822.57,6,22,4,3,2,432,9
1897,16394,607.48,3,46,3,2,2,322,7
1898,16395,450.56,2,130,2,2,1,221,5
1899,16398,1150.05,2,33,4,2,2,422,8
1900,16399,178.41,1,42,3,1,1,311,5
1901,16401,1656.64,7,17,4,4,3,443,11
1902,16402,299.6,2,71,3,2,1,321,6
1903,16403,161.05,2,109,2,2,1,221,5
1904,16405,167.25,2,109,2,2,1,221,5
1905,16407,794.74,5,1,4,3,2,432,9
1906,16409,803.56,2,49,3,2,2,322,7
1907,16411,131.5,1,176,1,1,1,111,3
1908,16414,50.8,1,87,2,1,1,211,4
1909,16418,145.91,1,33,4,1,1,411,6
1910,16419,504.18,3,80,3,2,1,321,6
1913,16425,302.7,1,109,2,1,1,211,4
1914,16426,328.37,1,83,2,1,1,211,4
1915,16427,241.06,2,70,3,2,1,321,6
1916,16431,642.81,3,20,4,2,2,422,8
1917,16434,724.22,3,-1,4,2,2,422,8
1918,16440,272.46,1,21,4,1,1,411,6
1919,16441,211,1,98,2,1,1,211,4
1920,16442,437.03,2,34,4,2,1,421,7
1921,16444,224.18,3,1,4,2,1,421,7
1922,16446,2.9,1,12,4,1,1,411,6
1923,16448,188.89,1,5,4,1,1,411,6
1924,16449,707.69,2,4,4,2,2,422,8
1926,16455,1133.78,5,11,4,3,2,432,9
1927,16456,1576.61,3,34,4,2,3,423,9
1928,16457,208.36,1,25,4,1,1,411,6
1929,16458,1139.4,6,24,4,3,2,432,9
1930,16462,34,1,90,2,1,1,211,4
1931,16463,314.42,2,3,4,2,1,421,7
1932,16466,324.07,2,15,4,2,1,421,7
1933,16469,276.88,2,53,3,2,1,321,6
1934,16470,340.71,3,-1,4,2,1,421,7
1935,16471,223.95,1,81,3,1,1,311,5
1936,16473,216.56,3,89,2,2,1,221,5
1937,16475,310,1,80,3,1,1,311,5
1938,16477,1552.51,5,21,4,3,3,433,10
1939,16483,139.35,1,-1,4,1,1,411,6
1940,16493,367.8,2,92,2,2,1,221,5
1941,16494,826.53,1,103,2,1,2,212,5
1942,16495,246.51,2,83,2,2,1,221,5
1943,16496,1185.04,2,14,4,2,2,422,8
1944,16497,1550.7,5,10,4,3,3,433,10
1945,16499,319.1,5,167,1,3,1,131,5
1946,16500,165,1,137,1,1,1,111,3
1947,16503,1082.89,4,21,4,3,2,432,9
1948,16509,363.7,1,103,2,1,1,211,4
1949,16510,248.1,1,179,1,1,1,111,3
1950,16511,340.75,1,73,3,1,1,311,5
1951,16515,622.33,2,53,3,2,2,322,7
1952,16517,162.7,1,84,2,1,1,211,4
1953,16518,187.3,2,77,3,2,1,321,6
1954,16519,103.7,1,172,1,1,1,111,3
1955,16520,622.92,2,46,3,2,2,322,7
1956,16523,2805.7,9,6,4,4,4,444,12
1958,16531,484.83,3,101,2,2,1,221,5
1960,16539,1053.61,3,26,4,2,2,422,8
1962,16549,119.49,1,141,1,1,1,111,3
1963,16550,1023.64,4,42,3,3,2,332,8
1964,16551,311.07,1,143,1,1,1,111,3
1965,16552,379.73,2,49,3,2,1,321,6
1967,16554,221.01,5,11,4,3,1,431,8
1968,16556,1638.82,4,8,4,3,3,433,10
1970,16560,332.18,1,165,1,1,1,111,3
1971,16565,173.7,1,171,1,1,1,111,3
1972,16566,280.12,2,-1,4,2,1,421,7
1973,16567,865.6,2,1,4,2,2,422,8
1974,16570,1428.08,5,12,4,3,3,433,10
1975,16571,436.68,1,88,2,1,1,211,4
1976,16572,342.58,1,82,2,1,1,211,4
1977,16573,282.38,2,89,2,2,1,221,5
1979,16583,233.45,1,180,1,1,1,111,3
1980,16584,583.89,2,53,3,2,2,322,7
1981,16586,463.95,1,55,3,1,1,311,5
1982,16587,225.15,1,39,3,1,1,311,5
1983,16592,1128.93,8,6,4,4,2,442,10
1984,16593,69.6,1,134,2,1,1,211,4
1985,16596,120.65,1,173,1,1,1,111,3
1986,16598,140.7,2,84,2,2,1,221,5
1987,16600,237.46,2,60,3,2,1,321,6
1988,16607,1422.06,8,14,4,4,3,443,11
1989,16609,1987.62,3,4,4,2,3,423,9
1990,16610,75.66,1,26,4,1,1,411,6
1992,16612,280.05,1,118,2,1,1,211,4
1993,16617,151.85,1,42,3,1,1,311,5
1994,16618,1424.34,5,10,4,3,3,433,10
1995,16619,204.41,2,60,3,2,1,321,6
1996,16620,95.76,1,67,3,1,1,311,5
1997,16621,490.7,2,22,4,2,1,421,7
1998,16623,129.45,1,52,3,1,1,311,5
1999,16624,426.43,1,4,4,1,1,411,6
2000,16625,333.08,1,81,3,1,1,311,5
2001,16626,793.65,2,70,3,2,2,322,7
2002,16628,712.91,2,25,4,2,2,422,8
2003,16633,447.52,1,41,3,1,1,311,5
2004,16634,217.9,2,29,4,2,1,421,7
2005,16637,303.62,1,32,4,1,1,411,6
2006,16638,1207.19,7,60,3,4,2,342,9
2007,16639,471.15,2,13,4,2,1,421,7
2008,16642,299.23,2,13,4,2,1,421,7
2009,16643,487.51,1,52,3,1,1,311,5
2010,16644,722.41,1,19,4,1,2,412,7
2011,16647,127.75,1,11,4,1,1,411,6
2012,16652,3007.22,5,19,4,3,4,434,11
2013,16654,495.55,3,27,4,2,1,421,7
2014,16655,812.25,1,138,1,1,2,112,4
2016,16657,242.55,1,61,3,1,1,311,5
2017,16658,123.24,1,175,1,1,1,111,3
2018,16660,384.36,2,17,4,2,1,421,7
2019,16665,135.4,1,169,1,1,1,111,3
2020,16667,203.35,1,91,2,1,1,211,4
2021,16668,122.58,2,21,4,2,1,421,7
2022,16670,1909.47,7,54,3,4,3,343,10
2023,16672,3462.24,9,11,4,4,4,444,12
2024,16676,1065.1,4,11,4,3,2,432,9
2025,16678,1264.15,6,4,4,3,3,433,10
2026,16679,129.75,1,173,1,1,1,111,3
2027,16681,875.84,3,12,4,2,2,422,8
2029,16686,1210.22,6,1,4,3,2,432,9
2030,16690,86.5,1,8,4,1,1,411,6
2031,16692,1276,2,63,3,2,3,323,8
2032,16693,157.56,1,78,3,1,1,311,5
2033,16696,558.9,3,10,4,2,2,422,8
2034,16697,112.75,1,48,3,1,1,311,5
2035,16698,1998,2,33,4,2,3,423,9
2036,16700,2932.93,9,4,4,4,4,444,12
2037,16701,1840.12,7,12,4,4,3,443,11
2039,16709,1984.59,4,6,4,3,3,433,10
2040,16710,1637.64,6,14,4,3,3,433,10
2041,16711,598.8,2,109,2,2,2,222,6
2042,16712,1204.37,4,19,4,3,2,432,9
2044,16714,911.53,4,25,4,3,2,432,9
2045,16716,319.8,3,73,3,2,1,321,6
2046,16717,278.15,2,117,2,2,1,221,5
2047,16718,623.75,1,176,1,1,2,112,4
2048,16719,961.73,5,42,3,3,2,332,8
2049,16721,292.47,1,69,3,1,1,311,5
2050,16722,1960.16,7,7,4,4,3,443,11
2051,16725,775.07,8,109,2,4,2,242,8
2052,16726,795.19,4,3,4,3,2,432,9
2053,16727,272.82,1,171,1,1,1,111,3
2054,16728,326.93,2,43,3,2,1,321,6
2055,16729,2834.13,9,7,4,4,4,444,12
2056,16730,440.62,3,41,3,2,1,321,6
2057,16735,1094.62,3,42,3,2,2,322,7
2058,16738,3.75,1,104,2,1,1,211,4
2059,16743,1061.75,3,18,4,2,2,422,8
2061,16746,2889.18,8,1,4,4,4,444,12
2062,16748,910.2,3,24,4,2,2,422,8
2063,16750,118.7,1,39,3,1,1,311,5
2064,16752,207.5,1,179,1,1,1,111,3
2066,16755,908.47,2,33,4,2,2,422,8
2067,16756,239.4,1,21,4,1,1,411,6
2068,16757,106.83,1,125,2,1,1,211,4
2069,16763,611.85,1,5,4,1,2,412,7
2070,16765,34,1,101,2,1,1,211,4
2071,16766,1145.6,2,80,3,2,2,322,7
2072,16767,2649.06,3,26,4,2,4,424,10
2073,16768,183.25,1,78,3,1,1,311,5
2074,16769,380.39,1,67,3,1,1,311,5
2075,16770,631.28,5,43,3,3,2,332,8
2076,16771,1655.95,3,82,2,2,3,223,7
2077,16775,691.8,4,12,4,3,2,432,9
2078,16777,177.25,1,64,3,1,1,311,5
2079,16778,93.18,1,81,3,1,1,311,5
2081,16780,161.89,1,66,3,1,1,311,5
2082,16781,294.65,2,172,1,2,1,121,4
2083,16782,1322.45,11,11,4,4,3,443,11
2084,16788,297.17,1,61,3,1,1,311,5
2085,16791,576.15,4,20,4,3,2,432,9
2086,16792,110.38,2,89,2,2,1,221,5
2087,16795,414.88,1,172,1,1,1,111,3
2088,16801,726.98,4,-1,4,3,2,432,9
2089,16804,118.05,1,77,3,1,1,311,5
2090,16805,214.77,1,167,1,1,1,111,3
2091,16806,414.37,2,27,4,2,1,421,7
2092,16807,651.83,2,22,4,2,2,422,8
2093,16808,166.5,1,81,3,1,1,311,5
2094,16809,341.13,3,15,4,2,1,421,7
2095,16810,275.64,2,-1,4,2,1,421,7
2096,16812,479.35,1,167,1,1,1,111,3
2097,16813,206.25,1,11,4,1,1,411,6
2099,16816,325.45,2,120,2,2,1,221,5
2100,16817,893.15,9,25,4,4,2,442,10
2101,16818,694.64,4,6,4,3,2,432,9
2102,16823,358.38,1,34,4,1,1,411,6
2103,16832,136.65,2,10,4,2,1,421,7
2104,16833,671.29,3,66,3,2,2,322,7
2105,16834,413.46,1,34,4,1,1,411,6
2106,16835,81.75,1,180,1,1,1,111,3
2107,16837,1811.49,9,-1,4,4,3,443,11
2108,16838,582.9,3,4,4,2,2,422,8
2110,16841,636.5,2,20,4,2,2,422,8
2111,16842,520.57,1,109,2,1,1,211,4
2112,16843,3829.15,7,4,4,4,4,444,12
2113,16850,332.41,1,140,1,1,1,111,3
2114,16858,345.89,2,173,1,2,1,121,4
2115,16859,259.84,1,68,3,1,1,311,5
2117,16863,162.8,2,167,1,2,1,121,4
2118,16871,1986.97,5,5,4,3,3,433,10
2119,16873,3189.3,5,4,4,3,4,434,11
2120,16875,758.29,5,48,3,3,2,332,8
2121,16877,77.75,1,15,4,1,1,411,6
2122,16882,215.7,2,46,3,2,1,321,6
2123,16883,128.03,1,178,1,1,1,111,3
2124,16885,190.65,1,164,1,1,1,111,3
2125,16889,1578.67,3,1,4,2,3,423,9
2126,16891,232.26,1,178,1,1,1,111,3
2128,16893,145.93,1,173,1,1,1,111,3
2129,16897,213.03,3,106,2,2,1,221,5
2130,16898,51.73,2,172,1,2,1,121,4
2131,16899,347.55,2,14,4,2,1,421,7
2132,16904,1288.17,6,32,4,3,3,433,10
2133,16905,836.98,4,43,3,3,2,332,8
2134,16906,213.64,2,12,4,2,1,421,7
2135,16907,584,3,41,3,2,2,322,7
2136,16912,1131.45,7,7,4,4,2,442,10
2137,16913,113.44,1,97,2,1,1,211,4
2138,16915,166.79,2,55,3,2,1,321,6
2139,16916,198.08,1,179,1,1,1,111,3
2140,16917,391.52,1,83,2,1,1,211,4
2141,16918,275.78,1,124,2,1,1,211,4
2142,16919,2055.35,9,-1,4,4,3,443,11
2144,16926,230.25,1,178,1,1,1,111,3
2145,16927,341.45,2,83,2,2,1,221,5
2146,16928,885.26,7,22,4,4,2,442,10
2147,16931,1903.11,9,1,4,4,3,443,11
2148,16933,208.03,3,42,3,2,1,321,6
2149,16938,267.6,1,115,2,1,1,211,4
2150,16940,757.68,1,96,2,1,2,212,5
2151,16942,577.96,3,26,4,2,2,422,8
2152,16943,816.73,3,18,4,2,2,422,8
2153,16945,1773.68,8,8,4,4,3,443,11
2154,16947,406.48,1,42,3,1,1,311,5
2155,16948,240.54,2,68,3,2,1,321,6
2156,16949,505.75,3,25,4,2,1,421,7
2157,16950,172,1,174,1,1,1,111,3
2158,16951,1053.79,1,111,2,1,2,212,5
2159,16954,941.48,3,61,3,2,2,322,7
2160,16955,329.98,4,143,1,3,1,131,5
2161,16957,416.64,2,46,3,2,1,321,6
2162,16960,201.53,1,59,3,1,1,311,5
2163,16965,201.19,1,33,4,1,1,411,6
2164,16966,1154.4,3,4,4,2,2,422,8
2165,16976,251.52,1,74,3,1,1,311,5
2166,16979,337.2,2,101,2,2,1,221,5
2167,16980,1078.96,2,62,3,2,2,322,7
2168,16983,611.29,4,75,3,3,2,332,8
2169,16985,2912.86,7,18,4,4,4,444,12
2170,16987,213.05,1,12,4,1,1,411,6
2171,16990,179,1,25,4,1,1,411,6
2172,16992,658.7,3,6,4,2,2,422,8
2174,16996,692.03,6,52,3,3,2,332,8
2175,16997,702,3,95,2,2,2,222,6
2176,16998,279.6,4,6,4,3,1,431,8
2177,17001,1801.94,5,14,4,3,3,433,10
2178,17002,993.52,2,22,4,2,2,422,8
2179,17007,450.23,5,8,4,3,1,431,8
2181,17018,405,1,132,2,1,1,211,4
2182,17019,995.93,3,68,3,2,2,322,7
2183,17025,160.97,2,180,1,2,1,121,4
2184,17026,33.15,1,176,1,1,1,111,3
2185,17027,402.18,4,90,2,3,1,231,6
2186,17029,358,1,43,3,1,1,311,5
2187,17033,608.1,2,21,4,2,2,422,8
2188,17034,141.8,1,94,2,1,1,211,4
2189,17035,388.33,3,52,3,2,1,321,6
2190,17041,288.7,2,167,1,2,1,121,4
2191,17042,495.39,2,3,4,2,1,421,7
2192,17043,174.6,1,73,3,1,1,311,5
2194,17045,39.95,1,54,3,1,1,311,5
2195,17047,749.43,2,12,4,2,2,422,8
2196,17048,739.32,4,84,2,3,2,232,7
2197,17049,1581.8,3,21,4,2,3,423,9
2198,17050,2200.84,4,57,3,3,3,333,9
2199,17051,247.14,1,1,4,1,1,411,6
2200,17054,918.82,3,14,4,2,2,422,8
2201,17058,819.66,2,6,4,2,2,422,8
2202,17059,1510.67,3,4,4,2,3,423,9
2203,17060,234.24,1,73,3,1,1,311,5
2204,17061,3134.13,8,-1,4,4,4,444,12
2205,17062,534.47,5,120,2,3,1,231,6
2206,17063,309.42,3,89,2,2,1,221,5
2207,17064,147.85,1,134,2,1,1,211,4
2208,17068,2336.1,10,11,4,4,3,443,11
2209,17069,1046.07,6,33,4,3,2,432,9
2210,17071,773.13,5,41,3,3,2,332,8
2211,17075,675.72,4,60,3,3,2,332,8
2212,17076,334.2,2,80,3,2,1,321,6
2213,17080,74.2,2,75,3,2,1,321,6
2214,17082,636.94,1,125,2,1,2,212,5
2215,17083,996.02,2,102,2,2,2,222,6
2216,17085,1207.3,5,57,3,3,2,332,8
2217,17088,1015.83,1,60,3,1,2,312,6
2218,17090,649.05,3,34,4,2,2,422,8
2219,17091,1368.77,4,47,3,3,3,333,9
2220,17092,134.9,1,84,2,1,1,211,4
2221,17094,270.2,2,125,2,2,1,221,5
2222,17095,325.85,4,105,2,3,1,231,6
2223,17096,133.49,1,68,3,1,1,311,5
2224,17097,287.64,2,131,2,2,1,221,5
2225,17102,25.5,1,68,3,1,1,311,5
2226,17105,319.4,1,113,2,1,1,211,4
2228,17109,464.59,2,39,3,2,1,321,6
2229,17114,430.19,5,15,4,3,1,431,8
2230,17115,300.07,2,33,4,2,1,421,7
2231,17117,116.2,1,95,2,1,1,211,4
2232,17118,157.02,1,124,2,1,1,211,4
2233,17120,307.46,1,40,3,1,1,311,5
2234,17126,505.32,3,106,2,2,1,221,5
2235,17128,157.09,1,141,1,1,1,111,3
2236,17133,1041.67,2,53,3,2,2,322,7
2237,17134,330.5,1,71,3,1,1,311,5
2238,17135,500.55,2,96,2,2,1,221,5
2239,17138,380.5,1,82,2,1,1,211,4
2240,17139,4690.7,5,17,4,3,4,434,11
2241,17140,465.32,1,54,3,1,1,311,5
2242,17142,579,1,46,3,1,2,312,6
2243,17146,563.88,2,70,3,2,2,322,7
2244,17147,938.16,4,13,4,3,2,432,9
2245,17152,1503.5,4,1,4,3,3,433,10
2246,17158,698.55,2,39,3,2,2,322,7
2247,17160,1205.07,2,32,4,2,2,422,8
2248,17162,819.31,5,52,3,3,2,332,8
2249,17164,943.22,2,19,4,2,2,422,8
2250,17165,158.68,1,91,2,1,1,211,4
2251,17166,110.74,2,3,4,2,1,421,7
2252,17171,224.91,1,96,2,1,1,211,4
2253,17174,59.9,1,24,4,1,1,411,6
2254,17175,519.08,1,103,2,1,1,211,4
2255,17176,306.13,1,8,4,1,1,411,6
2256,17179,488.31,2,39,3,2,1,321,6
2257,17180,549.21,5,48,3,3,2,332,8
2258,17181,155.52,1,180,1,1,1,111,3
2259,17187,203.95,1,33,4,1,1,411,6
2260,17188,1225.79,5,109,2,3,2,232,7
2261,17189,227.22,1,166,1,1,1,111,3
2262,17190,195,1,14,4,1,1,411,6
2263,17191,820.88,4,87,2,3,2,232,7
2264,17194,262.62,2,80,3,2,1,321,6
2265,17198,521.66,2,172,1,2,1,121,4
2266,17204,1047.36,6,42,3,3,2,332,8
2267,17211,1236.39,6,40,3,3,2,332,8
2268,17212,226.85,1,60,3,1,1,311,5
2269,17213,896.8,7,70,3,4,2,342,9
2270,17214,613.67,4,56,3,3,2,332,8
2271,17217,113.5,1,41,3,1,1,311,5
2272,17218,948.58,5,21,4,3,2,432,9
2273,17220,1464.78,5,13,4,3,3,433,10
2274,17223,426.79,2,117,2,2,1,221,5
2275,17226,393.49,1,115,2,1,1,211,4
2276,17227,366.15,2,63,3,2,1,321,6
2277,17228,687.58,4,14,4,3,2,432,9
2278,17230,3466.67,11,71,3,4,4,344,11
2279,17231,1324.16,6,22,4,3,3,433,10
2280,17235,341.9,1,179,1,1,1,111,3
2281,17236,563.82,4,49,3,3,2,332,8
2282,17238,1363.6,8,13,4,4,3,443,11
2283,17239,379.95,2,119,2,2,1,221,5
2285,17245,171.45,1,11,4,1,1,411,6
2286,17250,162.65,1,68,3,1,1,311,5
2287,17251,283.28,1,169,1,1,1,111,3
2288,17255,112.46,1,106,2,1,1,211,4
2289,17256,127.9,1,119,2,1,1,211,4
2290,17259,381.64,1,175,1,1,1,111,3
2291,17262,955.36,4,34,4,3,2,432,9
2292,17263,63.44,1,15,4,1,1,411,6
2293,17268,276.48,2,50,3,2,1,321,6
2294,17272,1405.34,3,3,4,2,3,423,9
2295,17277,1065.35,2,34,4,2,2,422,8
2296,17278,246.04,1,48,3,1,1,311,5
2297,17282,741.85,1,106,2,1,2,212,5
2298,17284,928.45,2,42,3,2,2,322,7
2299,17287,500.34,4,12,4,3,1,431,8
2300,17288,663.7,5,14,4,3,2,432,9
2301,17291,550.8,1,115,2,1,2,212,5
2302,17293,469.35,2,115,2,2,1,221,5
2303,17302,303.12,2,15,4,2,1,421,7
2304,17303,250.04,1,168,1,1,1,111,3
2307,17311,556.46,1,123,2,1,2,212,5
2308,17314,776.55,5,61,3,3,2,332,8
2310,17320,910.1,2,43,3,2,2,322,7
2311,17323,292.32,3,22,4,2,1,421,7
2312,17324,702.23,2,138,1,2,2,122,5
2313,17325,96.8,1,87,2,1,1,211,4
2314,17329,243.36,1,122,2,1,1,211,4
2315,17334,306.6,3,108,2,2,1,221,5
2316,17337,1920.32,5,18,4,3,3,433,10
2317,17338,3643.25,5,12,4,3,4,434,11
2318,17339,60,1,172,1,1,1,111,3
2320,17341,513.6,1,173,1,1,1,111,3
2321,17343,193.64,1,162,1,1,1,111,3
2322,17345,128.33,2,3,4,2,1,421,7
2323,17346,799.14,5,11,4,3,2,432,9
2324,17348,160.15,1,104,2,1,1,211,4
2325,17351,198.6,1,80,3,1,1,311,5
2326,17356,178.22,1,118,2,1,1,211,4
2327,17358,365.85,2,110,2,2,1,221,5
2328,17361,45,1,98,2,1,1,211,4
2329,17362,312.23,2,46,3,2,1,321,6
2330,17364,2076.4,6,11,4,3,3,433,10
2331,17365,1897.19,4,6,4,3,3,433,10
2332,17367,168.4,1,45,3,1,1,311,5
2333,17368,325.77,4,66,3,3,1,331,7
2334,17371,97.63,1,168,1,1,1,111,3
2335,17372,745.3,4,50,3,3,2,332,8
2336,17373,145.25,1,119,2,1,1,211,4
2337,17374,495.77,2,25,4,2,1,421,7
2338,17375,400.1,3,6,4,2,1,421,7
2339,17376,105.85,1,118,2,1,1,211,4
2340,17377,1422.62,8,62,3,4,3,343,10
2342,17384,227.65,1,26,4,1,1,411,6
2343,17388,763.2,2,18,4,2,2,422,8
2345,17392,457.91,2,113,2,2,1,221,5
2346,17394,203.87,1,26,4,1,1,411,6
2347,17396,397.5,1,178,1,1,1,111,3
2348,17398,528.45,2,17,4,2,1,421,7
2349,17400,1312.52,4,17,4,3,3,433,10
2350,17402,784.37,4,40,3,3,2,332,8
2352,17406,1928.72,5,137,1,3,3,133,7
2353,17409,260.55,1,55,3,1,1,311,5
2354,17410,302.4,1,22,4,1,1,411,6
2355,17411,255.58,2,68,3,2,1,321,6
2356,17412,709.82,4,3,4,3,2,432,9
2357,17416,3403.01,4,4,4,3,4,434,11
2358,17418,167.39,1,130,2,1,1,211,4
2359,17419,2035.05,8,56,3,4,3,343,10
2360,17420,130.85,1,180,1,1,1,111,3
2361,17422,552.92,4,24,4,3,2,432,9
2362,17423,432.14,2,13,4,2,1,421,7
2365,17429,186.86,1,25,4,1,1,411,6
2366,17430,112.6,1,172,1,1,1,111,3
2367,17431,403.3,1,120,2,1,1,211,4
2368,17436,122.4,1,33,4,1,1,411,6
2369,17438,378.3,2,54,3,2,1,321,6
2370,17440,123.45,3,46,3,2,1,321,6
2371,17442,785.23,4,27,4,3,2,432,9
2372,17443,534.24,1,26,4,1,1,411,6
2373,17446,68.1,1,117,2,1,1,211,4
2374,17449,1322.69,3,41,3,2,3,323,8
2376,17454,517.53,4,-1,4,3,1,431,8
2377,17455,131.7,1,10,4,1,1,411,6
2378,17456,249.86,1,172,1,1,1,111,3
2379,17457,1397.64,4,11,4,3,3,433,10
2380,17460,452.63,6,32,4,3,1,431,8
2381,17462,463.41,1,91,2,1,1,211,4
2382,17463,943.76,2,40,3,2,2,322,7
2383,17469,305.36,1,11,4,1,1,411,6
2384,17470,623.11,3,24,4,2,2,422,8
2385,17472,451.02,2,95,2,2,1,221,5
2386,17486,396.87,1,68,3,1,1,311,5
2387,17489,208.56,1,19,4,1,1,411,6
2388,17491,1189.86,3,67,3,2,2,322,7
2389,17492,374.57,1,55,3,1,1,311,5
2390,17496,271.05,1,165,1,1,1,111,3
2391,17499,622.88,1,96,2,1,2,212,5
2392,17501,288.6,2,27,4,2,1,421,7
2393,17504,2745.28,10,13,4,4,4,444,12
2394,17505,486.99,1,12,4,1,1,411,6
2395,17507,605.58,2,68,3,2,2,322,7
2396,17508,387.31,1,87,2,1,1,211,4
2398,17512,1297.47,7,7,4,4,3,443,11
2399,17515,571.37,3,13,4,2,2,422,8
2400,17516,455.21,3,24,4,2,1,421,7
2401,17517,153.94,1,115,2,1,1,211,4
2402,17519,950.65,4,13,4,3,2,432,9
2403,17521,159.56,1,6,4,1,1,411,6
2404,17522,248.42,2,13,4,2,1,421,7
2405,17524,145,1,168,1,1,1,111,3
2406,17525,422.7,1,166,1,1,1,111,3
2407,17526,399.5,6,11,4,3,1,431,8
2408,17527,251.55,2,13,4,2,1,421,7
2409,17530,1367.86,7,13,4,4,3,443,11
2410,17535,164.4,1,87,2,1,1,211,4
2411,17537,630.7,1,110,2,1,2,212,5
2412,17540,268.8,1,123,2,1,1,211,4
2413,17542,170.75,1,76,3,1,1,311,5
2416,17550,267.16,3,4,4,2,1,421,7
2417,17551,306.84,1,166,1,1,1,111,3
2418,17552,298.52,2,179,1,2,1,121,4
2419,17555,195.45,1,141,1,1,1,111,3
2420,17556,157.9,1,12,4,1,1,411,6
2421,17560,486.05,3,11,4,2,1,421,7
2422,17567,1864.07,5,40,3,3,3,333,9
2423,17569,344.14,1,139,1,1,1,111,3
2424,17571,359.95,2,84,2,2,1,221,5
2425,17572,152.2,2,45,3,2,1,321,6
2426,17574,185.65,1,49,3,1,1,311,5
2427,17576,1371.88,11,21,4,4,3,443,11
2428,17578,143.46,1,25,4,1,1,411,6
2429,17580,215.72,3,59,3,2,1,321,6
2431,17582,175.27,1,43,3,1,1,311,5
2432,17585,521.53,2,70,3,2,1,321,6
2433,17588,397.2,1,39,3,1,1,311,5
2434,17589,590.77,1,47,3,1,2,312,6
2435,17591,1638.62,6,10,4,3,3,433,10
2436,17593,662.9,1,159,1,1,2,112,4
2437,17594,315,1,61,3,1,1,311,5
2438,17596,746.91,2,55,3,2,2,322,7
2440,17601,116.01,1,46,3,1,1,311,5
2441,17602,767.05,2,131,2,2,2,222,6
2443,17604,309.36,2,24,4,2,1,421,7
2444,17609,529.39,3,109,2,2,1,221,5
2445,17611,2021.94,6,8,4,3,3,433,10
2446,17612,632.62,4,13,4,3,2,432,9
2447,17613,2519.06,8,1,4,4,4,444,12
2448,17615,272.3,2,10,4,2,1,421,7
2449,17616,408,2,61,3,2,1,321,6
2450,17618,666.78,2,55,3,2,2,322,7
2451,17619,218.52,1,119,2,1,1,211,4
2452,17621,901.78,2,119,2,2,2,222,6
2453,17624,400.3,1,25,4,1,1,411,6
2454,17625,549.68,1,64,3,1,2,312,6
2455,17629,576.19,4,21,4,3,2,432,9
2456,17630,335.5,1,39,3,1,1,311,5
2457,17631,302.55,1,39,3,1,1,311,5
2459,17634,1814.67,5,19,4,3,3,433,10
2460,17639,108.5,1,83,2,1,1,211,4
2461,17643,101.55,1,180,1,1,1,111,3
2462,17644,846.72,6,10,4,3,2,432,9
2463,17646,995.66,4,26,4,3,2,432,9
2464,17648,1107.39,3,-1,4,2,2,422,8
2465,17652,632.24,2,40,3,2,2,322,7
2466,17654,117.55,1,84,2,1,1,211,4
2467,17655,1535.5,5,17,4,3,3,433,10
2468,17658,317.6,1,18,4,1,1,411,6
2469,17659,1070.24,4,6,4,3,2,432,9
2470,17663,782.86,4,5,4,3,2,432,9
2471,17664,326.19,1,19,4,1,1,411,6
2472,17667,1356.67,3,18,4,2,3,423,9
2473,17669,1611,3,17,4,2,3,423,9
2474,17670,205.7,1,34,4,1,1,411,6
2475,17671,682.18,3,11,4,2,2,422,8
2476,17672,1152.34,2,84,2,2,2,222,6
2477,17673,780.06,2,73,3,2,2,322,7
2478,17674,300.66,1,175,1,1,1,111,3
2480,17676,300.7,1,173,1,1,1,111,3
2482,17678,298.11,1,70,3,1,1,311,5
2483,17682,1107.41,3,-1,4,2,2,422,8
2484,17685,1512.72,5,73,3,3,3,333,9
2485,17686,3036.75,4,7,4,3,4,434,11
2486,17690,2132.3,8,8,4,4,3,443,11
2487,17691,290.4,2,165,1,2,1,121,4
2488,17692,615.96,4,27,4,3,2,432,9
2489,17696,488.89,4,84,2,3,1,231,6
2490,17697,338.95,1,43,3,1,1,311,5
2491,17698,154.95,1,67,3,1,1,311,5
2492,17700,1099.82,4,13,4,3,2,432,9
2493,17701,417.95,1,59,3,1,1,311,5
2494,17702,351.65,2,13,4,2,1,421,7
2495,17704,387.29,1,46,3,1,1,311,5
2496,17705,357.3,3,22,4,2,1,421,7
2497,17706,888.85,4,96,2,3,2,232,7
2498,17707,83.7,1,143,1,1,1,111,3
2499,17708,110.6,1,131,2,1,1,211,4
2500,17711,220.53,1,96,2,1,1,211,4
2501,17714,153,1,127,2,1,1,211,4
2502,17715,326.4,1,7,4,1,1,411,6
2503,17716,1451.62,2,56,3,2,3,323,8
2504,17718,139.35,1,39,3,1,1,311,5
2505,17719,1665.61,4,6,4,3,3,433,10
2506,17720,532.38,2,32,4,2,1,421,7
2507,17722,1700.18,4,124,2,3,3,233,8
2508,17723,746.8,2,7,4,2,2,422,8
2509,17725,1216.63,6,-1,4,3,2,432,9
2510,17730,1439.14,5,40,3,3,3,333,9
2511,17732,303.97,1,179,1,1,1,111,3
2512,17733,216.95,1,68,3,1,1,311,5
2513,17734,112.98,1,40,3,1,1,311,5
2515,17738,779.92,1,89,2,1,2,212,5
2516,17739,1070.77,3,3,4,2,2,422,8
2517,17742,302.57,1,139,1,1,1,111,3
2518,17744,1257.64,5,57,3,3,3,333,9
2519,17746,98.8,2,41,3,2,1,321,6
2520,17749,369.01,1,63,3,1,1,311,5
2521,17752,80.64,1,166,1,1,1,111,3
2522,17754,231.9,2,67,3,2,1,321,6
2524,17758,1054.83,4,15,4,3,2,432,9
2525,17760,172.54,1,180,1,1,1,111,3
2526,17763,15,1,70,3,1,1,311,5
2527,17764,261.97,1,18,4,1,1,411,6
2528,17765,262.55,2,17,4,2,1,421,7
2529,17769,884.76,2,85,2,2,2,222,6
2530,17770,1143.27,5,5,4,3,2,432,9
2531,17771,115.8,1,130,2,1,1,211,4
2532,17774,594.99,2,56,3,2,2,322,7
2533,17775,56.4,1,61,3,1,1,311,5
2534,17781,102,1,60,3,1,1,311,5
2535,17783,112.41,1,54,3,1,1,311,5
2536,17786,114.85,1,124,2,1,1,211,4
2537,17787,1716.17,3,111,2,2,3,223,7
2538,17789,225.9,1,88,2,1,1,211,4
2539,17790,897.01,9,5,4,4,2,442,10
2540,17795,163.25,1,71,3,1,1,311,5
2541,17796,622,3,120,2,2,2,222,6
2542,17799,1358.48,8,49,3,4,3,343,10
2543,17800,354.85,3,24,4,2,1,421,7
2544,17802,100.2,1,179,1,1,1,111,3
2545,17809,2650.7,6,24,4,3,4,434,11
2547,17812,217.55,1,175,1,1,1,111,3
2548,17816,21.31,2,76,3,2,1,321,6
2549,17817,269.7,2,84,2,2,1,221,5
2550,17819,2825.22,6,1,4,3,4,434,11
2552,17827,1583.81,4,49,3,3,3,333,9
2553,17829,889.24,1,105,2,1,2,212,5
2554,17830,287.65,2,68,3,2,1,321,6
2555,17838,1687.7,3,99,2,2,3,223,7
2557,17843,205.48,1,110,2,1,1,211,4
2558,17848,388.37,4,56,3,3,1,331,7
2559,17849,605.8,4,25,4,3,2,432,9
2561,17854,111.76,1,34,4,1,1,411,6
2562,17855,208.97,1,179,1,1,1,111,3
2563,17856,1118.39,5,40,3,3,2,332,8
2565,17858,2619.8,6,68,3,3,4,334,10
2566,17859,148.21,1,111,2,1,1,211,4
2567,17860,252.8,1,175,1,1,1,111,3
2568,17861,457.98,2,60,3,2,1,321,6
2569,17862,330.9,1,130,2,1,1,211,4
2570,17863,1371.9,3,61,3,2,3,323,8
2571,17864,208.41,1,82,2,1,1,211,4
2572,17865,4034.13,10,4,4,4,4,444,12
2573,17867,591.3,3,10,4,2,2,422,8
2574,17869,310.96,3,22,4,2,1,421,7
2575,17870,326.4,1,173,1,1,1,111,3
2576,17871,155.9,1,11,4,1,1,411,6
2577,17873,1096.18,4,47,3,3,2,332,8
2578,17874,535.5,6,32,4,3,1,431,8
2579,17880,458.92,1,171,1,1,1,111,3
2580,17881,133.35,1,111,2,1,1,211,4
2581,17883,119.35,1,53,3,1,1,311,5
2582,17884,602.84,3,118,2,2,2,222,6
2583,17886,396.26,2,17,4,2,1,421,7
2584,17888,178.78,3,19,4,2,1,421,7
2585,17889,203.87,2,19,4,2,1,421,7
2586,17890,602.09,2,129,2,2,2,222,6
2587,17893,112.25,1,32,4,1,1,411,6
2588,17894,867.85,6,92,2,3,2,232,7
2589,17897,409.12,3,174,1,2,1,121,4
2590,17898,99.84,1,14,4,1,1,411,6
2591,17905,394.15,2,159,1,2,1,121,4
2592,17906,72.9,1,54,3,1,1,311,5
2593,17908,243.28,1,180,1,1,1,111,3
2594,17912,295.61,6,117,2,3,1,231,6
2595,17913,218.05,1,162,1,1,1,111,3
2596,17917,230.46,2,63,3,2,1,321,6
2597,17920,1573.59,5,7,4,3,3,433,10
2598,17921,280.57,1,73,3,1,1,311,5
2599,17923,207.5,1,89,2,1,1,211,4
2600,17924,456.5,5,105,2,3,1,231,6
2601,17925,244.08,1,179,1,1,1,111,3
2602,17926,211.73,1,10,4,1,1,411,6
2603,17928,78.26,1,53,3,1,1,311,5
2604,17929,435,2,61,3,2,1,321,6
2605,17930,390.6,1,46,3,1,1,311,5
2606,17931,297.2,1,62,3,1,1,311,5
2607,17932,589.01,1,18,4,1,2,412,7
2608,17937,3327.48,4,64,3,3,4,334,10
2610,17946,149.58,2,40,3,2,1,321,6
2612,17950,253.09,3,172,1,2,1,121,4
2613,17951,391.8,3,161,1,2,1,121,4
2614,17954,1143.95,11,33,4,4,2,442,10
2615,17955,557.3,4,5,4,3,2,432,9
2616,17956,12.75,1,56,3,1,1,311,5
2618,17964,261.76,1,179,1,1,1,111,3
2619,17965,1330.03,6,59,3,3,3,333,9
2620,17966,147,1,68,3,1,1,311,5
2621,17967,123.07,1,178,1,1,1,111,3
2622,17968,277.35,1,180,1,1,1,111,3
2623,17969,125.2,1,168,1,1,1,111,3
2624,17970,582.59,1,18,4,1,2,412,7
2625,17972,136.04,1,48,3,1,1,311,5
2626,17974,172.77,1,26,4,1,1,411,6
2627,17975,2685.92,8,-1,4,4,4,444,12
2628,17976,353.19,1,179,1,1,1,111,3
2629,17978,300.92,1,172,1,1,1,111,3
2630,17979,221.77,3,66,3,2,1,321,6
2631,17980,562.75,2,11,4,2,2,422,8
2632,17988,64.99,1,133,2,1,1,211,4
2633,17990,630.84,3,43,3,2,2,322,7
2634,17991,93.35,2,32,4,2,1,421,7
2635,17994,305.35,3,80,3,2,1,321,6
2636,17995,76.1,1,88,2,1,1,211,4
2637,17999,190.34,1,173,1,1,1,111,3
2638,18004,169.47,1,169,1,1,1,111,3
2639,18008,2065.41,7,10,4,4,3,443,11
2640,18009,252.24,2,42,3,2,1,321,6
2641,18010,174.8,1,63,3,1,1,311,5
2642,18011,102.79,1,180,1,1,1,111,3
2643,18016,324.75,2,122,2,2,1,221,5
2644,18017,165,1,117,2,1,1,211,4
2645,18018,37.45,1,6,4,1,1,411,6
2646,18032,73.5,1,141,1,1,1,111,3
2647,18036,110.8,1,52,3,1,1,311,5
2648,18037,60.82,5,32,4,3,1,431,8
2649,18040,239,1,52,3,1,1,311,5
2651,18043,451.81,2,13,4,2,1,421,7
2652,18044,883.21,6,5,4,3,2,432,9
2653,18048,172.29,2,10,4,2,1,421,7
2654,18050,74.4,1,166,1,1,1,111,3
2655,18055,3330.48,7,10,4,4,4,444,12
2656,18056,363.65,1,95,2,1,1,211,4
2657,18061,1190.62,5,13,4,3,2,432,9
2658,18062,485.92,2,27,4,2,1,421,7
2659,18064,408,1,42,3,1,1,311,5
2660,18065,1134.98,7,26,4,4,2,442,10
2661,18068,101.7,1,96,2,1,1,211,4
2662,18069,684.61,3,42,3,2,2,322,7
2663,18071,453,2,64,3,2,1,321,6
2664,18073,241.08,2,3,4,2,1,421,7
2665,18074,489.6,1,180,1,1,1,111,3
2666,18075,1215.97,9,11,4,4,2,442,10
2667,18077,879.38,4,33,4,3,2,432,9
2668,18078,336.13,2,24,4,2,1,421,7
2670,18080,841.5,1,49,3,1,2,312,6
2672,18085,689.95,2,137,1,2,2,122,5
2673,18086,101.34,1,81,3,1,1,311,5
2675,18092,3996.24,5,34,4,3,4,434,11
2676,18093,1094.42,3,101,2,2,2,222,6
2677,18094,1777.2,3,25,4,2,3,423,9
2678,18095,580.05,2,119,2,2,2,222,6
2679,18097,1456.56,3,12,4,2,3,423,9
2681,18106,430.7,1,136,1,1,1,111,3
2682,18108,264.65,2,55,3,2,1,321,6
2684,18113,76.32,1,175,1,1,1,111,3
2685,18114,220.1,1,97,2,1,1,211,4
2686,18116,1254.47,7,41,3,4,3,343,10
2688,18119,181.12,1,174,1,1,1,111,3
2689,18120,111.15,1,21,4,1,1,411,6
2690,18125,943.49,4,8,4,3,2,432,9
2691,18129,112.55,1,50,3,1,1,311,5
2692,18133,715.5,2,18,4,2,2,422,8
2693,18136,578.35,3,13,4,2,2,422,8
2694,18138,152.65,1,102,2,1,1,211,4
2696,18142,280.38,2,18,4,2,1,421,7
2697,18144,1605.65,7,19,4,4,3,443,11
2698,18145,1023.78,2,11,4,2,2,422,8
2699,18146,76.65,1,27,4,1,1,411,6
2700,18149,549.68,2,22,4,2,2,422,8
2701,18150,227.58,1,8,4,1,1,411,6
2702,18151,312.55,1,96,2,1,1,211,4
2703,18155,113.93,1,98,2,1,1,211,4
2704,18156,206.23,1,176,1,1,1,111,3
2705,18159,530.15,1,108,2,1,1,211,4
2706,18160,318.55,1,7,4,1,1,411,6
2707,18161,546.32,2,59,3,2,2,322,7
2708,18168,1018.49,8,11,4,4,2,442,10
2709,18170,304.21,1,24,4,1,1,411,6
2710,18171,446.74,3,41,3,2,1,321,6
2711,18172,3708.91,8,18,4,4,4,444,12
2712,18173,1728.84,3,6,4,2,3,423,9
2713,18176,448.65,2,160,1,2,1,121,4
2714,18177,686.4,5,11,4,3,2,432,9
2715,18178,1092.44,4,26,4,3,2,432,9
2716,18179,1103.16,4,59,3,3,2,332,8
2717,18183,600.52,6,25,4,3,2,432,9
2718,18185,304.25,1,56,3,1,1,311,5
2719,18188,426.6,1,97,2,1,1,211,4
2720,18189,627.2,2,70,3,2,2,322,7
2721,18190,274.51,3,-1,4,2,1,421,7
2722,18191,207.8,1,68,3,1,1,311,5
2724,18196,450.78,1,97,2,1,1,211,4
2725,18198,3174.46,11,10,4,4,4,444,12
2726,18202,1396.99,3,6,4,2,3,423,9
2727,18204,549.43,1,-1,4,1,2,412,7
2728,18210,142.4,1,74,3,1,1,311,5
2729,18211,137.9,1,85,2,1,1,211,4
2730,18212,248.42,1,133,2,1,1,211,4
2731,18213,232.48,1,43,3,1,1,311,5
2732,18218,626.38,4,13,4,3,2,432,9
2733,18219,912.31,5,21,4,3,2,432,9
2734,18220,297.78,2,26,4,2,1,421,7
2735,18221,234.47,1,18,4,1,1,411,6
2737,18224,158.95,1,70,3,1,1,311,5
2738,18225,1569.37,8,3,4,4,3,443,11
2739,18226,2208.67,6,5,4,3,3,433,10
2740,18227,93.75,1,24,4,1,1,411,6
2741,18229,2858.7,8,5,4,4,4,444,12
2742,18230,1173.3,5,14,4,3,2,432,9
2743,18231,2066.17,6,-1,4,3,3,433,10
2744,18232,370.98,2,-1,4,2,1,421,7
2745,18233,440,1,132,2,1,1,211,4
2746,18235,430.46,1,24,4,1,1,411,6
2747,18236,123.2,1,47,3,1,1,311,5
2748,18239,1561.61,5,25,4,3,3,433,10
2749,18241,365.83,1,24,4,1,1,411,6
2750,18242,694.08,2,3,4,2,2,422,8
2751,18245,1246.79,5,18,4,3,3,433,10
2752,18246,232.9,1,40,3,1,1,311,5
2753,18250,342.92,2,108,2,2,1,221,5
2755,18257,662.15,6,7,4,3,2,432,9
2756,18259,376.3,1,173,1,1,1,111,3
2757,18260,2167.87,7,7,4,4,3,443,11
2758,18263,307.6,1,59,3,1,1,311,5
2759,18269,138.9,2,165,1,2,1,121,4
2760,18270,67.75,2,47,3,2,1,321,6
2761,18272,966.74,3,19,4,2,2,422,8
2762,18273,51,1,64,3,1,1,311,5
2764,18280,180.6,1,84,2,1,1,211,4
2765,18283,535.05,5,7,4,3,1,431,8
2766,18287,765.28,1,8,4,1,2,412,7
