CustomerID,Monetory,Sales_next6m,PredictedSales,Sales Decline,Predicted Decline,Flag,Actuals < 30%,Predicted,0.7265625
12347,1823.43,2261.75,2417.124565,0%,0%,0,0,0,
12348,1487.24,310,597.2903325,-79%,-60%,1,1,1,
12352,601.18,944.23,746.006767,0%,0%,0,0,0,
12360,1083.58,1578.48,1917.609365,0%,0%,0,0,0,
12362,969.44,3656.1,2300.866516,0%,0%,0,0,0,
12370,2806.41,739.28,1809.520584,-74%,-36%,1,1,1,
12372,914.92,383.12,614.6529806,-58%,-33%,1,1,1,
12383,1739.86,99.45,182.7921748,-94%,-89%,1,1,1,
12388,766.25,2014.41,2012.263326,0%,0%,0,0,0,
12393,1061.1,521.5,939.2281006,-51%,-11%,0,1,0,
12394,381.08,891.4,1566.771251,0%,0%,0,0,0,
12399,768.95,339.7,545.5900766,-56%,-29%,0,1,0,
12407,495.96,1212.16,980.3268282,0%,0%,0,0,0,
12408,808.26,2034.31,1443.531987,0%,0%,0,0,0,
12413,499.95,194.2,106.833752,-61%,-79%,1,1,1,
12434,245.3,519.89,747.7974371,0%,0%,0,0,0,
12455,1698.9,767.96,1661.445616,-55%,-2%,0,1,0,
12456,940.17,2213.72,2211.177564,0%,0%,0,0,0,
12457,842.35,1075.43,904.1292289,0%,0%,0,0,0,
12462,741.31,427.48,703.6405052,-42%,-5%,0,1,0,
12463,636.55,667.08,588.4531438,0%,-8%,0,0,0,
12464,544.85,667.2,861.4442148,0%,0%,0,0,0,
12480,1587.27,1694.36,2171.679181,0%,0%,0,0,0,
12484,1102.17,3393.1,2294.80477,0%,0%,0,0,0,
12490,1195.72,3759.91,2635.702418,0%,0%,0,0,0,
12493,215.55,201.24,63.88911518,-7%,-70%,0,0,1,
12500,1210.2,2996.07,1800.459893,0%,0%,0,0,0,
12523,500.19,1264.58,1673.048141,0%,0%,0,0,0,
12528,765.46,1156.82,1495.721598,0%,0%,0,0,0,
12530,805,818.63,777.8704337,0%,-3%,0,0,0,
12545,628.15,372.24,560.9688237,-41%,-11%,0,1,0,
12562,444.96,2682.41,2466.534835,0%,0%,0,0,0,
12569,1140.62,2229.35,2058.741413,0%,0%,0,0,0,
12576,421.65,885.33,982.2058712,0%,0%,0,0,0,
12584,453.73,1239.77,1951.074154,0%,0%,0,0,0,
12592,231.8,205.8,101.9220252,-11%,-56%,0,0,1,
12593,236,182.1,-134.6273013,-23%,-157%,0,0,1,
12599,463.86,568.72,1216.918143,0%,0%,0,0,0,
12601,501.46,68.1,-189.9134697,-86%,-138%,1,1,1,
12616,229.4,427.85,107.3856966,0%,-53%,0,0,1,
12619,631.66,2583.15,1475.867869,0%,0%,0,0,0,
12620,561.66,777.75,964.3512192,0%,0%,0,0,0,
12633,1729.55,411.08,1100.135955,-76%,-36%,1,1,1,
12643,1411.92,1932.72,1672.000889,0%,0%,0,0,0,
12645,798.9,956.48,1274.46081,0%,0%,0,0,0,
12649,355.2,248.51,-55.1692921,-30%,-116%,1,1,1,
12654,337.75,264.23,-63.62957534,-22%,-119%,0,0,1,
12656,1621.35,2361.37,1762.584029,0%,0%,0,0,0,
12662,1311.7,2280.43,2303.891399,0%,0%,0,0,0,
12664,1303.58,2670.3,1935.144832,0%,0%,0,0,0,
12669,1136.3,471.43,851.6795961,-59%,-25%,0,1,0,
12670,1026.39,1959.76,1266.153456,0%,0%,0,0,0,
12674,586.74,1332.57,1031.771864,0%,0%,0,0,0,
12676,707.4,623.99,1340.567725,-12%,0%,0,0,0,
12679,869.13,189.54,263.1417111,-78%,-70%,1,1,1,
12684,917.1,1187.13,1438.12747,0%,0%,0,0,0,
12693,615.77,215.19,-57.08098969,-65%,-109%,1,1,1,
12695,89.25,407.75,471.8190663,0%,0%,0,0,0,
12710,718.96,411.61,882.4268034,-43%,0%,0,1,0,
12717,609.74,371.24,162.4404474,-39%,-73%,1,1,1,
12721,1080.67,1548.31,1734.424996,0%,0%,0,0,0,
12726,1111.28,1497.82,1691.445725,0%,0%,0,0,0,
12727,1974.32,1973.38,2219.693482,0%,0%,0,0,0,
12728,617.31,219.02,210.0079001,-65%,-66%,1,1,1,
12749,782.1,2323.04,1157.856187,0%,0%,0,0,0,
12775,710.08,641.16,813.7674268,-10%,0%,0,0,0,
12778,408.06,396.17,729.1456086,-3%,0%,0,0,0,
12781,491.75,215.97,294.8053168,-56%,-40%,1,1,1,
12782,1505.35,515.72,1019.098975,-66%,-32%,1,1,1,
12787,158.1,305.56,373.2015625,0%,0%,0,0,0,
12815,615.36,448.1,688.6085147,-27%,0%,0,0,0,
12823,994.5,765,1044.443695,-23%,0%,0,0,0,
12826,697.1,628.42,943.1360705,-10%,0%,0,0,0,
12836,1661.4,951.46,1379.040969,-43%,-17%,0,1,0,
12843,627.06,1053.7,919.4505695,0%,0%,0,0,0,
12849,704.5,346.39,528.5610633,-51%,-25%,0,1,0,
12853,862.6,1019.1,702.274289,0%,-19%,0,0,0,
12854,775.02,514.13,840.1666199,-34%,0%,0,1,0,
12871,132,248.64,165.7153699,0%,0%,0,0,0,
12886,747.69,603.4,1035.111864,-19%,0%,0,0,0,
12891,246,85,-158.1500098,-65%,-164%,1,1,1,
12910,1142.5,1932.54,1880.082891,0%,0%,0,0,0,
12924,651.52,278.43,299.7626908,-57%,-54%,1,1,1,
12928,780.04,1282.66,1507.439724,0%,0%,0,0,0,
12935,861.98,950.69,1261.071059,0%,0%,0,0,0,
12937,428.23,1076.04,1226.69016,0%,0%,0,0,0,
12942,396.52,287.38,287.4543995,-28%,-28%,0,0,0,
12947,870.47,536.82,383.9753485,-38%,-56%,1,1,1,
12948,886.26,1167.44,1098.846875,0%,0%,0,0,0,
12951,616.38,113.4,-180.7310695,-82%,-129%,1,1,1,
12955,697.42,3229.62,2538.233662,0%,0%,0,0,0,
12957,1112.92,2876.02,2039.786439,0%,0%,0,0,0,
12987,304.3,240.7,340.5587722,-21%,0%,0,0,0,
12993,175.3,239.46,300.9860856,0%,0%,0,0,0,
12994,316.4,256.87,-32.51386972,-19%,-110%,0,0,1,
12997,583.27,614.67,556.1922102,0%,-5%,0,0,0,
13000,458.53,76.32,-109.8335204,-83%,-124%,1,1,1,
13003,59.05,90,135.0868437,0%,0%,0,0,0,
13005,276.9,192.05,83.56285346,-31%,-70%,1,1,1,
13012,702.29,609.33,1145.076519,-13%,0%,0,0,0,
13021,737.97,1541,1494.973276,0%,0%,0,0,0,
13026,243.72,491.91,276.9094675,0%,0%,0,0,0,
13037,577.32,303.75,374.8647136,-47%,-35%,1,1,1,
13048,939.92,865.99,844.7921367,-8%,-10%,0,0,0,
13055,344.86,857.1,703.429433,0%,0%,0,0,0,
13085,134.4,137.98,-71.2117464,0%,-153%,0,0,1,
13092,421.75,38.08,-262.2642568,-91%,-162%,1,1,1,
13104,213.72,545.28,875.0786245,0%,0%,0,0,0,
13110,696.69,756.18,968.5638386,0%,0%,0,0,0,
13117,751.37,233.54,375.8518893,-69%,-50%,1,1,1,
13118,786.29,338.71,-8.502042809,-57%,-101%,1,1,1,
13122,903.67,18.72,-119.9594911,-98%,-113%,1,1,1,
13126,1054.02,632.83,1066.949242,-40%,0%,0,1,0,
13134,489.75,1250.88,977.0534928,0%,0%,0,0,0,
13136,552.71,1992.67,1053.529383,0%,0%,0,0,0,
13137,863.84,2741.24,2273.778357,0%,0%,0,0,0,
13138,386.85,575.54,1232.106259,0%,0%,0,0,0,
13139,1170.02,3885.77,2044.710876,0%,0%,0,0,0,
13155,569.2,402.56,615.5773604,-29%,0%,0,0,0,
13157,478.29,1243.28,1416.58068,0%,0%,0,0,0,
13162,1258.39,386.6,701.8925886,-69%,-44%,1,1,1,
13168,963.61,346.53,516.4413992,-64%,-46%,1,1,1,
13174,2108.27,708.76,1618.582607,-66%,-23%,0,1,0,
13183,1527.08,2001.64,2001.357596,0%,0%,0,0,0,
13184,723.81,924.98,1236.514627,0%,0%,0,0,0,
13192,464.32,447.62,656.799153,-4%,0%,0,0,0,
13198,2076.8,1307.29,1981.041708,-37%,-5%,0,1,0,
13208,700.21,505.69,420.4628835,-28%,-40%,0,0,1,
13213,415.28,1103.15,1086.736967,0%,0%,0,0,0,
13220,559.69,259.6,416.4179037,-54%,-26%,0,1,0,
13232,691.9,665.7,905.8573406,-4%,0%,0,0,0,
13240,442.41,221.24,366.980356,-50%,-17%,0,1,0,
13242,104,166.4,-25.35403657,0%,-124%,0,0,1,
13258,224.62,473.96,161.2456152,0%,-28%,0,0,0,
13265,1124.88,982.78,1380.667049,-13%,0%,0,0,0,
13280,699.36,115.5,55.44756671,-83%,-92%,1,1,1,
13282,342.15,705.69,866.7422491,0%,0%,0,0,0,
13285,1173.27,1535.85,1892.246321,0%,0%,0,0,0,
13301,327.77,290.32,395.3132281,-11%,0%,0,0,0,
13305,640.25,1147.45,1441.888589,0%,0%,0,0,0,
13308,814.95,552.66,1003.598046,-32%,0%,0,1,0,
13309,546.64,675.27,841.1914571,0%,0%,0,0,0,
13310,785.85,314.38,406.8823305,-60%,-48%,1,1,1,
13313,609.74,945.58,811.9684362,0%,0%,0,0,0,
13320,466.61,1025.09,819.0252571,0%,0%,0,0,0,
13327,1421.95,2195.62,2067.381052,0%,0%,0,0,0,
13362,1581.53,1509.21,1968.448276,-5%,0%,0,0,0,
13376,770,249.76,299.6069913,-68%,-61%,1,1,1,
13381,1071.35,2555.46,2140.979918,0%,0%,0,0,0,
13394,935.33,1075.37,1814.573467,0%,0%,0,0,0,
13397,601.77,937.41,1085.795895,0%,0%,0,0,0,
13405,557.45,15.001,-239.2435011,-97%,-143%,1,1,1,
13410,398.79,598.42,937.35359,0%,0%,0,0,0,
13426,1285.02,1973.9,1698.656044,0%,0%,0,0,0,
13427,214.5,368.1,461.4291477,0%,0%,0,0,0,
13450,678.54,1365.18,1694.063857,0%,0%,0,0,0,
13455,641.95,365.4,494.1212421,-43%,-23%,0,1,0,
13456,207.66,1530.16,1421.201426,0%,0%,0,0,0,
13475,1278.48,153.3,207.3463051,-88%,-84%,1,1,1,
13476,706.9,385.87,198.5678442,-45%,-72%,1,1,1,
13477,502.98,938.55,1407.045233,0%,0%,0,0,0,
13481,966.24,810.57,1030.52924,-16%,0%,0,0,0,
13487,408.8,166.6,47.37854132,-59%,-88%,1,1,1,
13491,1031.63,184.19,373.9036837,-82%,-64%,1,1,1,
13492,315.3,954.54,686.8452944,0%,0%,0,0,0,
13495,1017.68,659.8,1196.749586,-35%,0%,0,1,0,
13499,454.59,692.37,875.0472269,0%,0%,0,0,0,
13502,189.16,102.84,-109.1109172,-46%,-158%,1,1,1,
13505,1873.29,2409.59,2245.28429,0%,0%,0,0,0,
13509,650.02,231.6,737.0663628,-64%,0%,0,1,0,
13520,1479.3,2008.45,2017.761041,0%,0%,0,0,0,
13523,2369.24,1386.14,1913.250917,-41%,-19%,0,1,0,
13524,159.2,520.98,1154.792639,0%,0%,0,0,0,
13527,585.64,1678.12,1135.478586,0%,0%,0,0,0,
13529,181.1,126.66,-78.67999321,-30%,-143%,1,1,1,
13533,146.64,124.15,-78.37436763,-15%,-153%,0,0,1,
13538,504.3,776.55,1706.284771,0%,0%,0,0,0,
13539,290.15,315.69,328.2245106,0%,0%,0,0,0,
13546,188.16,438.83,521.4538684,0%,0%,0,0,0,
13549,510.47,405.65,712.1906087,-21%,0%,0,0,0,
13562,603.27,1196.06,1428.557752,0%,0%,0,0,0,
13571,392.6,1699.72,2108.05607,0%,0%,0,0,0,
13590,912.03,1064.09,1166.779208,0%,0%,0,0,0,
13591,776.23,340.9,491.2690036,-56%,-37%,1,1,1,
13592,205.51,42.45,-278.3001316,-79%,-235%,1,1,1,
13593,976.15,1014.13,1290.721442,0%,0%,0,0,0,
13601,373.2,320.12,371.5046173,-14%,0%,0,0,0,
13606,250.42,30.12,-261.3050471,-88%,-204%,1,1,1,
13610,341.77,773.66,1585.985637,0%,0%,0,0,0,
13623,532.02,140.42,-170.4334716,-74%,-132%,1,1,1,
13627,605.92,1018.1,1391.547674,0%,0%,0,0,0,
13630,716.52,1047.16,900.592675,0%,0%,0,0,0,
13632,613.03,1503.99,1356.63881,0%,0%,0,0,0,
13634,625.41,949.75,1240.589498,0%,0%,0,0,0,
13636,533.95,407.67,549.5305429,-24%,0%,0,0,0,
13637,422.6,387.9,535.5430282,-8%,0%,0,0,0,
13650,718.52,1090.82,1139.266037,0%,0%,0,0,0,
13652,638.24,456.84,724.9429317,-28%,0%,0,0,0,
13654,1172.84,1534.49,1330.560178,0%,0%,0,0,0,
13657,152.34,229.8,128.067345,0%,-16%,0,0,0,
13658,882.6,1538.87,1260.868669,0%,0%,0,0,0,
13662,522.16,356.92,350.8111902,-32%,-33%,1,1,1,
13692,850.13,616.74,1054.993901,-27%,0%,0,0,0,
13695,285.48,2218.65,2105.690592,0%,0%,0,0,0,
13700,943.66,1321.46,1568.670824,0%,0%,0,0,0,
13717,557.84,874.42,1410.693272,0%,0%,0,0,0,
13719,338.74,702.94,575.677163,0%,0%,0,0,0,
13720,432.1,367.8,508.1333717,-15%,0%,0,0,0,
13728,493.93,522.21,877.5676709,0%,0%,0,0,0,
13735,915.01,1851.17,1287.375343,0%,0%,0,0,0,
13741,160.86,505.47,576.8101799,0%,0%,0,0,0,
13743,353.16,711.23,801.1365117,0%,0%,0,0,0,
13748,580.85,367.4,117.1468971,-37%,-80%,1,1,1,
13750,688.8,958.46,1284.131224,0%,0%,0,0,0,
13752,724.67,461.61,893.9135264,-36%,0%,0,1,0,
13771,1464.85,1166.85,1157.166935,-20%,-21%,0,0,0,
13782,361.3,550.7,802.4512243,0%,0%,0,0,0,
13784,772.47,1690.32,1964.952166,0%,0%,0,0,0,
13811,258.75,333,354.5683641,0%,0%,0,0,0,
13824,1232.98,465.96,765.7041664,-62%,-38%,1,1,1,
13831,1097.99,1105,1423.037624,0%,0%,0,0,0,
13835,328.45,506.12,865.0407,0%,0%,0,0,0,
13846,646.48,201.13,172.3787226,-69%,-73%,1,1,1,
13848,935,320,526.7799044,-66%,-44%,1,1,1,
13856,94.4,269,-224.3496828,0%,-338%,0,0,1,
13862,842.71,1344.6,1880.926951,0%,0%,0,0,0,
13867,138.85,876.44,974.9283994,0%,0%,0,0,0,
13873,222.5,159.2,-24.44260857,-28%,-111%,0,0,1,
13875,683.68,1103.11,1367.300162,0%,0%,0,0,0,
13880,1026.63,2193.14,2006.722701,0%,0%,0,0,0,
13884,189.95,344.25,366.5113993,0%,0%,0,0,0,
13885,399.15,107.65,-69.58829174,-73%,-117%,1,1,1,
13888,239.52,366.11,439.6421414,0%,0%,0,0,0,
13900,732.45,8.5,-218.7626747,-99%,-130%,1,1,1,
13901,648.3,2218.9,2134.368972,0%,0%,0,0,0,
13908,808.61,1538.44,1788.711852,0%,0%,0,0,0,
13941,2043.36,2869.05,2822.731576,0%,0%,0,0,0,
13946,485.97,75.6,-129.9799089,-84%,-127%,1,1,1,
13951,516.05,158.4,63.98083615,-69%,-88%,1,1,1,
13953,1750,1354.36,1751.810902,-23%,0%,0,0,0,
13956,293.67,576.25,695.2024827,0%,0%,0,0,0,
13971,926.78,1783.74,1745.436657,0%,0%,0,0,0,
13972,145.9,44.35,-261.2884748,-70%,-279%,1,1,1,
13975,938.56,1564.67,1440.901248,0%,0%,0,0,0,
13982,903.8,957.31,939.1954827,0%,0%,0,0,0,
13983,1545.37,1045.09,1450.429884,-32%,-6%,0,1,0,
13988,1349.43,2749.37,2075.643911,0%,0%,0,0,0,
13989,896.67,369.41,607.8110193,-59%,-32%,1,1,1,
13995,300.25,1083.24,1477.7792,0%,0%,0,0,0,
14001,1309.14,721.19,1077.769374,-45%,-18%,0,1,0,
14005,187.16,2687.56,2289.670093,0%,0%,0,0,0,
14006,662.09,300.1,396.2259587,-55%,-40%,1,1,1,
14021,501.7,130.2,-9.15845687,-74%,-102%,1,1,1,
14030,1435.02,925.07,1367.203821,-36%,-5%,0,1,0,
14035,700.58,727.44,1113.041373,0%,0%,0,0,0,
14038,710.42,844.06,1051.574735,0%,0%,0,0,0,
14045,1251.75,408,787.739647,-67%,-37%,1,1,1,
14047,617.32,321.54,369.8024744,-48%,-40%,1,1,1,
14064,686.64,501.68,490.8565165,-27%,-29%,0,0,0,
14071,225.4,927.43,547.4458419,0%,0%,0,0,0,
14077,199.61,299.81,681.620385,0%,0%,0,0,0,
14078,583.98,465.39,605.6046034,-20%,0%,0,0,0,
14083,489.47,59.45,139.7448893,-88%,-71%,1,1,1,
14110,1688.02,3656.19,2873.614936,0%,0%,0,0,0,
14112,1069.5,1704.67,1130.744069,0%,0%,0,0,0,
14127,452.23,257.48,264.7719366,-43%,-41%,1,1,1,
14145,1128.6,2019.6,1343.592218,0%,0%,0,0,0,
14146,662.3,1062.11,869.6739064,0%,0%,0,0,0,
14152,304.31,306.78,323.7827546,0%,0%,0,0,0,
14159,652.09,4026.21,2109.750457,0%,0%,0,0,0,
14163,749.79,1696.12,1948.574711,0%,0%,0,0,0,
14167,259,315.84,425.2196156,0%,0%,0,0,0,
14173,114.04,336.8,289.831746,0%,0%,0,0,0,
14188,760.9,1281.71,1796.727632,0%,0%,0,0,0,
14191,404.35,3829.54,2517.152975,0%,0%,0,0,0,
14198,173.4,498.3,728.1345181,0%,0%,0,0,0,
14201,304.86,383.18,1055.19891,0%,0%,0,0,0,
14209,1076.85,990.28,1327.396102,-8%,0%,0,0,0,
14214,634.5,365.73,1179.82549,-42%,0%,0,1,0,
14215,910.31,867.61,1253.112276,-5%,0%,0,0,0,
14221,863.98,2563.87,2102.64784,0%,0%,0,0,0,
14223,289,686.23,816.5799186,0%,0%,0,0,0,
14224,495.32,554.8,706.207031,0%,0%,0,0,0,
14229,665.53,785.07,585.3196191,0%,-12%,0,0,0,
14231,594.2,227.86,-25.72880635,-62%,-104%,1,1,1,
14232,691.53,1352.4,1887.882253,0%,0%,0,0,0,
14233,959.1,488.41,320.3385721,-49%,-67%,1,1,1,
14235,1264.55,1829.31,1673.358797,0%,0%,0,0,0,
14240,226.85,663.49,1059.234372,0%,0%,0,0,0,
14243,1498.07,930.39,1412.043115,-38%,-6%,0,1,0,
14264,101.2,218.27,97.05610446,0%,-4%,0,0,0,
14267,809.01,470.08,511.620128,-42%,-37%,1,1,1,
14273,218.7,341.27,421.9651011,0%,0%,0,0,0,
14289,594.22,238.56,378.100201,-60%,-36%,1,1,1,
14290,770.36,1537.09,1447.719144,0%,0%,0,0,0,
14291,1613.46,1702.15,1286.423899,0%,-20%,0,0,0,
14292,1092.26,3313.75,2319.434254,0%,0%,0,0,0,
14299,527.69,2040.01,1506.3203,0%,0%,0,0,0,
14307,1694.98,1300.74,1299.242225,-23%,-23%,0,0,0,
14309,903.03,1026.78,1133.435224,0%,0%,0,0,0,
14312,594.02,1017.57,1279.114563,0%,0%,0,0,0,
14323,286.72,287.54,388.7403673,0%,0%,0,0,0,
14336,1114.39,500.52,886.3093834,-55%,-20%,0,1,0,
14341,687.25,1479.13,1310.375327,0%,0%,0,0,0,
14342,248.75,358.96,303.3106623,0%,0%,0,0,0,
14344,645.88,244.05,356.800492,-62%,-45%,1,1,1,
14352,845.32,233.64,53.88911396,-72%,-94%,1,1,1,
14364,1117.2,2600.15,1577.276572,0%,0%,0,0,0,
14388,1159.74,2039.65,1916.369036,0%,0%,0,0,0,
14390,1030.13,3562.34,1456.481125,0%,0%,0,0,0,
14397,242.24,1917.77,1919.19672,0%,0%,0,0,0,
14401,552.12,3134.08,2007.193102,0%,0%,0,0,0,
14403,926.51,499.8,736.5177749,-46%,-21%,0,1,0,
14404,683.98,750.74,1093.734329,0%,0%,0,0,0,
14407,972.98,1138.1,678.9434293,0%,-30%,0,0,1,
14408,705.64,1900.89,1797.209597,0%,0%,0,0,0,
14409,514.9,1393.35,1527.759199,0%,0%,0,0,0,
14419,307.56,750.5,902.4856752,0%,0%,0,0,0,
14421,455.18,357.93,469.7469997,-21%,0%,0,0,0,
14426,1471.33,2447.57,1245.08529,0%,-15%,0,0,0,
14428,326.38,701.9,979.3879553,0%,0%,0,0,0,
14440,1185.71,554.72,912.385189,-53%,-23%,0,1,0,
14441,260.74,978.7,881.2012602,0%,0%,0,0,0,
14443,589.08,811.8,995.3430762,0%,0%,0,0,0,
14447,601.03,562.2,534.3498775,-6%,-11%,0,0,0,
14449,401.3,505.8,648.5352545,0%,0%,0,0,0,
14450,269.45,213.8,126.7983424,-21%,-53%,0,0,1,
14451,360,302.59,325.2260857,-16%,-10%,0,0,0,
14461,776.23,1326.83,1611.502554,0%,0%,0,0,0,
14463,115.92,413.7,481.9715184,0%,0%,0,0,0,
14466,1035.65,1236.75,1730.596365,0%,0%,0,0,0,
14472,1328.18,608.66,1037.77657,-54%,-22%,0,1,0,
14502,971.98,1379.04,1050.385403,0%,0%,0,0,0,
14504,542.71,130.55,2.813666656,-76%,-99%,1,1,1,
14506,566.86,1445.31,1589.828129,0%,0%,0,0,0,
14507,600.31,767.87,1066.744426,0%,0%,0,0,0,
14513,300.25,138.24,-55.69662574,-54%,-119%,1,1,1,
14514,403.11,652.24,1037.696326,0%,0%,0,0,0,
14515,425.4,1676.69,1235.040462,0%,0%,0,0,0,
14522,278.63,695.91,568.617924,0%,0%,0,0,0,
14524,777.58,1090.1,1038.188826,0%,0%,0,0,0,
14525,1201.57,3031.45,1978.578078,0%,0%,0,0,0,
14530,1146.91,1779,2046.000018,0%,0%,0,0,0,
14535,853.97,1987.12,1621.494924,0%,0%,0,0,0,
14541,1013.75,447.9,658.4215142,-56%,-35%,1,1,1,
14546,857.51,1144.52,788.2829332,0%,-8%,0,0,0,
14551,125.43,60.8,-229.2121789,-52%,-283%,1,1,1,
14553,312.32,546.95,58.58049866,0%,-81%,0,0,1,
14562,916.1,3556.5,2347.768243,0%,0%,0,0,0,
14565,1867.05,1206.72,1265.083751,-35%,-32%,1,1,1,
14572,1062.98,1605.66,1327.350121,0%,0%,0,0,0,
14577,468.01,391.7,538.7380565,-16%,0%,0,0,0,
14583,174.51,613.13,489.2957953,0%,0%,0,0,0,
14584,474.8,554.46,92.89918833,0%,-80%,0,0,1,
14591,250.22,1196.92,508.6515988,0%,0%,0,0,0,
14593,339.59,278.4,255.9484617,-18%,-25%,0,0,0,
14626,569.4,2191.62,1701.996223,0%,0%,0,0,0,
14631,630.08,376.9,546.6315499,-40%,-13%,0,1,0,
14639,1202.98,1749.36,1206.00982,0%,0%,0,0,0,
14640,396.8,1645.35,1907.123734,0%,0%,0,0,0,
14649,584.22,319.08,404.5442378,-45%,-31%,1,1,1,
14651,416.32,238.28,210.5056491,-43%,-49%,1,1,1,
14655,810.56,758.76,1009.41517,-6%,0%,0,0,0,
14659,1111.63,1195.5,1461.548554,0%,0%,0,0,0,
14662,524.86,246.31,234.3711283,-53%,-55%,1,1,1,
14665,713.86,544.52,567.2906518,-24%,-21%,0,0,0,
14676,1143.52,1399.72,1614.747352,0%,0%,0,0,0,
14681,393.95,105,-182.5424653,-73%,-146%,1,1,1,
14682,20.8,31.2,-317.393174,0%,-1626%,0,0,1,
14684,519.26,717.02,1040.994273,0%,0%,0,0,0,
14691,439.6,1674.73,1002.274493,0%,0%,0,0,0,
14692,470.8,111.25,-73.45842854,-76%,-116%,1,1,1,
14696,871.35,899.08,1077.262118,0%,0%,0,0,0,
14700,721.55,1513.75,1784.334347,0%,0%,0,0,0,
14702,1222.15,1698.91,2258.656035,0%,0%,0,0,0,
14730,555.6,1204.53,1172.231272,0%,0%,0,0,0,
14731,251.02,129,-72.08901994,-49%,-129%,1,1,1,
14732,980.48,1241.75,1886.168496,0%,0%,0,0,0,
14738,525.69,764.25,827.3522545,0%,0%,0,0,0,
14739,1307.62,2059.7,2145.515483,0%,0%,0,0,0,
14744,916.58,171.95,364.5065265,-81%,-60%,1,1,1,
14748,667.17,644.62,810.0200048,-3%,0%,0,0,0,
14758,1206.94,277.12,443.8559123,-77%,-63%,1,1,1,
14759,572.25,298.6,383.4470958,-48%,-33%,1,1,1,
14766,1115.91,884.64,1150.478521,-21%,0%,0,0,0,
14776,1074.6,1120.98,1300.488474,0%,0%,0,0,0,
14794,645.64,421.61,0.757875637,-35%,-100%,1,1,1,
14803,730.79,114.76,41.90985079,-84%,-94%,1,1,1,
14819,84.72,187.35,18.61385276,0%,-78%,0,0,1,
14823,210.65,110.78,-124.0083149,-47%,-159%,1,1,1,
14825,1025.87,1099.95,1810.844435,0%,0%,0,0,0,
14834,229.24,1469.11,1402.532814,0%,0%,0,0,0,
14837,492.26,1148.94,1142.674576,0%,0%,0,0,0,
14841,1781.85,1513.91,1492.567925,-15%,-16%,0,0,0,
14844,874.55,2315.26,2260.926601,0%,0%,0,0,0,
14853,214.5,261.3,211.6888853,0%,-1%,0,0,0,
14854,1191.33,1558.56,1340.235431,0%,0%,0,0,0,
14859,295.16,1056.88,809.3547536,0%,0%,0,0,0,
14867,605.19,96.14,-67.1147803,-84%,-111%,1,1,1,
14871,248.6,106.15,-97.76107446,-57%,-139%,1,1,1,
14875,358.1,1090.62,1284.866313,0%,0%,0,0,0,
14878,851.74,633.8,849.6215128,-26%,0%,0,0,0,
14883,310.56,446.08,1069.443163,0%,0%,0,0,0,
14898,535.73,692.59,813.9119448,0%,0%,0,0,0,
14907,959.44,2043.05,1943.778647,0%,0%,0,0,0,
14913,615.83,611.6,821.1189191,-1%,0%,0,0,0,
14921,903.01,413.06,683.666764,-54%,-24%,0,1,0,
14930,1104.13,1268.73,1224.49262,0%,0%,0,0,0,
14931,293,473.28,557.5454632,0%,0%,0,0,0,
14948,278.4,788.17,1184.506393,0%,0%,0,0,0,
14959,422.38,262.59,295.1818208,-38%,-30%,1,1,1,
14970,782.25,809.81,1056.538259,0%,0%,0,0,0,
14973,654.6,659.85,872.4584047,0%,0%,0,0,0,
14976,425.26,340.6,252.4246618,-20%,-41%,0,0,1,
14978,1537.28,394.14,763.8687778,-74%,-50%,1,1,1,
15002,1147.59,494.17,924.1944042,-57%,-19%,0,1,0,
15018,251.39,204.87,91.88698703,-19%,-63%,0,0,1,
15021,665.79,987.76,1342.339552,0%,0%,0,0,0,
15024,688.09,973.24,894.3723959,0%,0%,0,0,0,
15026,230.78,238.22,166.511146,0%,-28%,0,0,0,
15027,639.92,412.03,555.4126708,-36%,-13%,0,1,0,
15033,1169.14,1234.08,1451.289387,0%,0%,0,0,0,
15038,401.36,264.23,230.1906322,-34%,-43%,1,1,1,
15045,286.9,346.76,412.2990223,0%,0%,0,0,0,
15048,256.45,124.12,160.9987731,-52%,-37%,1,1,1,
15058,740.76,1384.23,1862.677989,0%,0%,0,0,0,
15059,562.07,763.75,774.6363736,0%,0%,0,0,0,
15062,814.04,173.82,143.4882616,-79%,-82%,1,1,1,
15081,230.6,256.75,635.7693068,0%,0%,0,0,0,
15095,770.5,594.2,920.3103168,-23%,0%,0,0,0,
15106,778.45,629.28,863.6046489,-19%,0%,0,0,0,
15108,191.4,1100.35,651.3200752,0%,0%,0,0,0,
15114,717.91,2042.65,2001.187636,0%,0%,0,0,0,
15116,479.65,873.1,1149.463968,0%,0%,0,0,0,
15117,312.4,1237.73,1026.058162,0%,0%,0,0,0,
15122,911.06,701.07,919.7105754,-23%,0%,0,0,0,
15128,449.04,970.5,997.2618426,0%,0%,0,0,0,
15129,1120.38,2327.02,1751.963425,0%,0%,0,0,0,
15132,489.87,488.06,868.3883359,0%,0%,0,0,0,
15133,657.9,324.52,454.6990705,-51%,-31%,1,1,1,
15134,239.45,1148.54,1692.089948,0%,0%,0,0,0,
15140,1127.45,1222.55,1580.941004,0%,0%,0,0,0,
15145,724.03,312.34,429.207872,-57%,-41%,1,1,1,
15146,820.72,492.94,856.9331547,-40%,0%,0,1,0,
15163,155,149.47,-44.33733305,-4%,-129%,0,0,1,
15164,368.18,474.87,677.9464916,0%,0%,0,0,0,
15172,526.2,721.75,879.8453088,0%,0%,0,0,0,
15179,1438.62,747.58,846.1999038,-48%,-41%,1,1,1,
15181,290.8,389.48,498.2450844,0%,0%,0,0,0,
15187,431.6,3406,2267.326858,0%,0%,0,0,0,
15197,353.85,306.36,328.0773078,-13%,-7%,0,0,0,
15199,657.15,611.55,813.3298432,-7%,0%,0,0,0,
15201,590.49,337.35,215.3945402,-43%,-64%,1,1,1,
15203,692.9,1134.9,1575.788916,0%,0%,0,0,0,
15218,1757.26,3999.63,3084.309384,0%,0%,0,0,0,
15220,838.15,920.77,1222.737033,0%,0%,0,0,0,
15227,876.82,342.58,150.8696898,-61%,-83%,1,1,1,
15237,1093.65,235.07,343.3440972,-79%,-69%,1,1,1,
15240,608.1,1077.47,1295.216663,0%,0%,0,0,0,
15241,947.55,791.04,1749.317823,-17%,0%,0,0,0,
15258,315.66,307.5,335.8864781,-3%,0%,0,0,0,
15260,882.6,898.17,1062.046335,0%,0%,0,0,0,
15265,712.24,793.88,1449.481771,0%,0%,0,0,0,
15270,1272.35,1025.85,810.300642,-19%,-36%,0,0,1,
15271,735.61,1558.13,1687.264546,0%,0%,0,0,0,
15288,1624,682.52,1080.175572,-58%,-33%,1,1,1,
15296,1777.81,1832.5,1718.959426,0%,-3%,0,0,0,
15298,1238.44,2223.44,2034.322052,0%,0%,0,0,0,
15299,2363.09,1424,1518.281722,-40%,-36%,1,1,1,
15304,376.65,303.65,612.4378898,-19%,0%,0,0,0,
15312,604.15,316.95,469.0400809,-48%,-22%,0,1,0,
15356,1201.81,1564.69,2129.109502,0%,0%,0,0,0,
15367,1406.28,461.41,393.2222672,-67%,-72%,1,1,1,
15370,1127.94,1232.61,1179.030964,0%,0%,0,0,0,
15376,654.17,579.19,787.5762843,-11%,0%,0,0,0,
15394,1436.44,747.1,1121.587753,-48%,-22%,0,1,0,
15402,440.99,185.78,100.9337366,-58%,-77%,1,1,1,
15407,329.86,726.58,850.3899368,0%,0%,0,0,0,
15416,2274.43,1699.94,1734.274575,-25%,-24%,0,0,0,
15421,739.36,211,202.4203017,-71%,-73%,1,1,1,
15426,658.03,771.87,165.2286534,0%,-75%,0,0,1,
15434,262.96,583.62,474.0444945,0%,0%,0,0,0,
15440,125.8,257.88,322.98027,0%,0%,0,0,0,
15449,344.27,626.95,950.2153229,0%,0%,0,0,0,
15489,348.26,741.77,621.9773337,0%,0%,0,0,0,
15491,1644.92,1445.93,1543.435557,-12%,-6%,0,0,0,
15493,938.5,1028.75,768.5181218,0%,-18%,0,0,0,
15497,968.1,291.6,482.919033,-70%,-50%,1,1,1,
15508,629.11,371.16,-2.72553568,-41%,-100%,1,1,1,
15518,972.92,938.97,870.2183591,-3%,-11%,0,0,0,
15527,900.04,1448.78,1458.58768,0%,0%,0,0,0,
15530,553.13,949.22,1237.821847,0%,0%,0,0,0,
15535,334.89,125.01,-103.7946455,-63%,-131%,1,1,1,
15549,904.6,751.16,1053.215099,-17%,0%,0,0,0,
15561,265.75,456.99,735.8172264,0%,0%,0,0,0,
15563,735.62,595.22,79.65342865,-19%,-89%,0,0,1,
15572,876.04,1481.84,1247.796693,0%,0%,0,0,0,
15582,303.61,379.3,496.8800394,0%,0%,0,0,0,
15594,263.66,1503.87,866.7247385,0%,0%,0,0,0,
15599,448.83,312.91,371.2382642,-30%,-17%,0,1,0,
15605,690.18,508.05,706.0770714,-26%,0%,0,0,0,
15611,315.6,1252.79,1540.338881,0%,0%,0,0,0,
15620,854.06,670.34,467.8542373,-22%,-45%,0,0,1,
15624,311.4,276.73,369.6098118,-11%,0%,0,0,0,
15625,695.33,809.23,440.2178496,0%,-37%,0,0,1,
15628,691.01,1971.68,2005.708994,0%,0%,0,0,0,
15630,390.91,789.49,1334.338549,0%,0%,0,0,0,
15632,1226.6,1920.71,2166.894285,0%,0%,0,0,0,
15641,1305.38,581.82,1127.82019,-55%,-14%,0,1,0,
15644,423.19,389.81,521.1411367,-8%,0%,0,0,0,
15646,317.54,107.6,-97.79536845,-66%,-131%,1,1,1,
15656,306.86,441.64,548.0343533,0%,0%,0,0,0,
15660,693.92,858.09,1224.114689,0%,0%,0,0,0,
15671,1016.13,1619.36,1303.020031,0%,0%,0,0,0,
15673,1785.73,1095.29,1569.956845,-39%,-12%,0,1,0,
15676,877.4,2446.69,1509.342221,0%,0%,0,0,0,
15687,1392.5,1337.41,1283.276932,-4%,-8%,0,0,0,
15704,938.85,1354.77,1188.177337,0%,0%,0,0,0,
15716,902.44,216.37,244.2476925,-76%,-73%,1,1,1,
15730,454.93,653.45,796.0825282,0%,0%,0,0,0,
15734,578.65,760.8,1333.708223,0%,0%,0,0,0,
15737,469.28,651.93,1086.474516,0%,0%,0,0,0,
15750,598.32,1512.52,1351.76462,0%,0%,0,0,0,
15752,1045.18,1583.75,1735.320271,0%,0%,0,0,0,
15755,620.73,1725.4,1294.693696,0%,0%,0,0,0,
15756,249.12,283.84,366.7146035,0%,0%,0,0,0,
15757,261.36,453.06,625.6671178,0%,0%,0,0,0,
15768,439.15,142.68,-14.44664008,-68%,-103%,1,1,1,
15780,402.76,72.52,-136.7850313,-82%,-134%,1,1,1,
15785,1319.45,984.3,1116.413285,-25%,-15%,0,0,0,
15796,973.84,1245.12,1540.349225,0%,0%,0,0,0,
15797,1840.2,367.2,782.4232603,-80%,-57%,1,1,1,
15804,525.36,2994.14,2142.946518,0%,0%,0,0,0,
15809,383.31,15.9,93.77743633,-96%,-76%,1,1,1,
15810,854.12,291.31,748.9413801,-66%,-12%,0,1,0,
15812,764.76,1036.38,1336.760486,0%,0%,0,0,0,
15815,1394.08,706.52,1057.391682,-49%,-24%,0,1,0,
15819,1177.14,728.31,1038.348663,-38%,-12%,0,1,0,
15826,720,929.36,430.576907,0%,-40%,0,0,1,
15834,1257.52,827.38,894.8780298,-34%,-29%,0,1,0,
15835,488.31,465.78,633.3950523,-5%,0%,0,0,0,
15841,613.26,595.84,876.4771367,-3%,0%,0,0,0,
15852,103.21,57.5,-243.8173024,-44%,-336%,1,1,1,
15855,342.51,369.73,460.586156,0%,0%,0,0,0,
15858,816.22,622.63,1078.999171,-24%,0%,0,0,0,
15860,420.26,556.95,1153.136778,0%,0%,0,0,0,
15861,722.48,2277.88,1207.784694,0%,0%,0,0,0,
15862,491.01,168.72,66.49087089,-66%,-86%,1,1,1,
15863,9.2,59.64,-263.7216426,0%,-2967%,0,0,1,
15865,313.93,581.2,706.6868302,0%,0%,0,0,0,
15906,637.26,884.53,1004.151823,0%,0%,0,0,0,
15907,251.18,278.34,255.1835141,0%,0%,0,0,0,
15910,550.61,548.22,899.3429132,0%,0%,0,0,0,
15916,716.88,774.36,883.0738818,0%,0%,0,0,0,
15938,335.3,69.28,-207.9852432,-79%,-162%,1,1,1,
15952,232.65,573.92,893.2823123,0%,0%,0,0,0,
15953,807.24,827.29,500.3960732,0%,-38%,0,0,1,
15955,1445.62,2944.19,2025.831069,0%,0%,0,0,0,
15971,1086.15,3113.7,2285.994299,0%,0%,0,0,0,
15976,209.99,220.95,131.3451957,0%,-37%,0,0,1,
15980,760.18,1638.68,1521.408728,0%,0%,0,0,0,
15984,782.08,1309.88,1071.816327,0%,0%,0,0,0,
15985,899.58,137.84,390.0079965,-85%,-57%,1,1,1,
15987,516.08,935.2,1156.685252,0%,0%,0,0,0,
15996,655.27,389.51,784.1020122,-41%,0%,0,1,0,
15998,1782.22,1301.95,1534.540217,-27%,-14%,0,0,0,
16007,369.75,1332.19,1039.587657,0%,0%,0,0,0,
16008,139.15,339.63,409.7432452,0%,0%,0,0,0,
16011,990.84,1977.95,2287.370307,0%,0%,0,0,0,
16016,809.07,533.64,427.2359635,-34%,-47%,1,1,1,
16023,500.69,219.12,167.514707,-56%,-67%,1,1,1,
16027,434.17,417.95,785.6286879,-4%,0%,0,0,0,
16038,316.95,58.93,-252.9213715,-81%,-180%,1,1,1,
16043,676.49,97.5,-49.6171801,-86%,-107%,1,1,1,
16045,861.25,479.45,727.5778718,-44%,-16%,0,1,0,
16057,974.24,1203.58,817.2184955,0%,-16%,0,0,0,
16059,647.7,812.16,1141.074054,0%,0%,0,0,0,
16062,578.18,575.44,760.2328917,0%,0%,0,0,0,
16076,305.45,1707.1,1717.260097,0%,0%,0,0,0,
16080,89.7,86.9,-170.555666,-3%,-290%,0,0,1,
16081,568.13,2238.77,2129.669712,0%,0%,0,0,0,
16085,325.04,656.47,963.8689517,0%,0%,0,0,0,
16086,584.98,534.33,670.3379793,-9%,0%,0,0,0,
16091,157.25,157.81,-22.30619957,0%,-114%,0,0,1,
16092,593.73,185.63,680.9333884,-69%,0%,0,1,0,
16094,215.7,826.13,213.5893693,0%,-1%,0,0,0,
16098,1010.3,995.33,1564.338306,-1%,0%,0,0,0,
16099,318.3,413.6,538.0198237,0%,0%,0,0,0,
16103,534.46,878.68,1162.149889,0%,0%,0,0,0,
16110,693.93,643.55,1130.541375,-7%,0%,0,0,0,
16115,510.9,1157.07,1823.718879,0%,0%,0,0,0,
16121,287.89,579.22,893.6482877,0%,0%,0,0,0,
16131,1664.52,1842.02,1357.243578,0%,-18%,0,0,0,
16139,139.8,495.61,573.4602059,0%,0%,0,0,0,
16146,659.13,75,-91.01572755,-89%,-114%,1,1,1,
16150,880.88,1025.19,1334.637877,0%,0%,0,0,0,
16153,401.91,1422.32,1504.75076,0%,0%,0,0,0,
16156,1044.57,1664.44,1473.988536,0%,0%,0,0,0,
16170,625.58,1254.84,1507.823203,0%,0%,0,0,0,
16175,466.98,570.61,711.2935072,0%,0%,0,0,0,
16184,148.22,1007.32,1227.832455,0%,0%,0,0,0,
16186,1047.21,2944.73,2133.51371,0%,0%,0,0,0,
16188,565.77,416.09,583.6784861,-26%,0%,0,0,0,
16203,314.55,274.6,363.6089855,-13%,0%,0,0,0,
16206,288.75,248.31,336.0799565,-14%,0%,0,0,0,
16214,749.67,313.08,448.6612749,-58%,-40%,1,1,1,
16224,543.21,752.09,935.1755925,0%,0%,0,0,0,
16229,358.2,652.4,1060.799743,0%,0%,0,0,0,
16230,275.93,266.1,240.4667874,-4%,-13%,0,0,0,
16232,366.47,616.76,936.7658039,0%,0%,0,0,0,
16241,833.96,1773.91,2221.935196,0%,0%,0,0,0,
16242,387.95,2661.4,1884.190784,0%,0%,0,0,0,
16245,445.13,907.23,1169.352506,0%,0%,0,0,0,
16249,1020.53,779.54,1194.572744,-24%,0%,0,0,0,
16255,1061.67,1547.63,1600.496645,0%,0%,0,0,0,
16266,371.84,490.05,1152.313024,0%,0%,0,0,0,
16283,277.81,1048.43,1044.035747,0%,0%,0,0,0,
16293,1129.74,1110.75,983.5282293,-2%,-13%,0,0,0,
16320,852.68,185.78,204.1254017,-78%,-76%,1,1,1,
16321,155.7,75,-293.8370482,-52%,-289%,1,1,1,
16325,137.72,372.82,312.9560761,0%,0%,0,0,0,
16326,535.68,2266.74,2186.72355,0%,0%,0,0,0,
16341,792.21,1167.17,797.6170461,0%,0%,0,0,0,
16348,455.7,1013.75,1371.096338,0%,0%,0,0,0,
16357,137.9,520.98,601.2423079,0%,0%,0,0,0,
16365,489.36,1051.06,903.729184,0%,0%,0,0,0,
16369,354.45,1199.21,1352.662791,0%,0%,0,0,0,
16370,275.54,1045.02,1230.613317,0%,0%,0,0,0,
16389,670.17,692.1,646.2409648,0%,-4%,0,0,0,
16393,822.57,1838.93,1691.94875,0%,0%,0,0,0,
16394,607.48,804.58,839.2124932,0%,0%,0,0,0,
16398,1150.05,481.1,379.4395398,-58%,-67%,1,1,1,
16407,794.74,1332.19,1517.301957,0%,0%,0,0,0,
16409,803.56,1225.32,1471.642541,0%,0%,0,0,0,
16418,145.91,529.36,619.4664257,0%,0%,0,0,0,
16419,504.18,455.3,380.622717,-10%,-25%,0,0,0,
16434,724.22,798.03,982.420229,0%,0%,0,0,0,
16440,272.46,2392.78,1754.771672,0%,0%,0,0,0,
16444,224.18,414.59,473.5515204,0%,0%,0,0,0,
16455,1133.78,707.4,967.0022537,-38%,-15%,0,1,0,
16456,1576.61,581.76,977.2663486,-63%,-38%,1,1,1,
16458,1139.4,2167.84,2266.5302,0%,0%,0,0,0,
16463,314.42,1069.28,524.2214222,0%,0%,0,0,0,
16466,324.07,1279.39,1436.48268,0%,0%,0,0,0,
16469,276.88,373.55,482.068025,0%,0%,0,0,0,
16470,340.71,416.73,501.7323983,0%,0%,0,0,0,
16503,1082.89,338.54,534.2612539,-69%,-51%,1,1,1,
16515,622.33,1004.8,1279.238785,0%,0%,0,0,0,
16518,187.3,293.62,286.9195024,0%,0%,0,0,0,
16520,622.92,413.7,192.3014524,-34%,-69%,1,1,1,
16550,1023.64,1242.61,1159.408065,0%,0%,0,0,0,
16554,221.01,522.99,699.3722392,0%,0%,0,0,0,
16566,280.12,333.89,649.7500496,0%,0%,0,0,0,
16584,583.89,324.14,430.4324707,-44%,-26%,0,1,0,
16600,237.46,335.74,319.7337932,0%,0%,0,0,0,
16609,1987.62,3463.34,2472.171163,0%,0%,0,0,0,
16621,490.7,322.78,463.2430545,-34%,-6%,0,1,0,
16624,426.43,384.14,510.9025619,-10%,0%,0,0,0,
16626,793.65,3061.79,2251.873442,0%,0%,0,0,0,
16628,712.91,1470.13,1356.251827,0%,0%,0,0,0,
16637,303.62,820.97,938.925913,0%,0%,0,0,0,
16638,1207.19,469.28,892.1916687,-61%,-26%,0,1,0,
16639,471.15,698.23,438.1531152,0%,-7%,0,0,0,
16644,722.41,111.37,17.07766492,-85%,-98%,1,1,1,
16647,127.75,86.31,-176.542301,-32%,-238%,1,1,1,
16654,495.55,99.42,220.9426934,-80%,-55%,1,1,1,
16660,384.36,426.09,-11.78939027,0%,-103%,0,0,1,
16668,122.58,184.14,954.6128871,0%,0%,0,0,0,
16676,1065.1,493.62,848.787042,-54%,-20%,0,1,0,
16681,875.84,894.5,819.3829685,0%,-6%,0,0,0,
16686,1210.22,1833.26,1910.304435,0%,0%,0,0,0,
16690,86.5,122.13,168.8727315,0%,0%,0,0,0,
16696,558.9,99,-78.44326208,-82%,-114%,1,1,1,
16711,598.8,756.63,980.565484,0%,0%,0,0,0,
16712,1204.37,2441.06,1807.794708,0%,0%,0,0,0,
16719,961.73,812.19,1176.691863,-16%,0%,0,0,0,
16726,795.19,586.83,976.5021412,-26%,0%,0,0,0,
16728,326.93,727.74,605.8746503,0%,0%,0,0,0,
16730,440.62,262.17,248.2103456,-40%,-44%,1,1,1,
16735,1094.62,1174.59,466.9822221,0%,-57%,0,0,1,
16743,1061.75,1130.09,1123.554353,0%,0%,0,0,0,
16748,910.2,605.7,434.7783182,-33%,-52%,1,1,1,
16755,908.47,576.16,221.2665349,-37%,-76%,1,1,1,
16770,631.28,113.62,-43.79195047,-82%,-107%,1,1,1,
16771,1655.95,590.86,1025.933524,-64%,-38%,1,1,1,
16775,691.8,1003.86,2073.180514,0%,0%,0,0,0,
16791,576.15,1130.13,1116.533259,0%,0%,0,0,0,
16801,726.98,140.85,28.82680183,-81%,-96%,1,1,1,
16806,414.37,387.12,516.650571,-7%,0%,0,0,0,
16807,651.83,469.76,736.4642166,-28%,0%,0,0,0,
16809,341.13,571.61,882.1712548,0%,0%,0,0,0,
16813,206.25,1338.19,1644.477672,0%,0%,0,0,0,
16818,694.64,2623.33,1971.239782,0%,0%,0,0,0,
16832,136.65,62.5,-239.2261386,-54%,-275%,1,1,1,
16841,636.5,1138.12,1452.795516,0%,0%,0,0,0,
16875,758.29,1265.18,817.6387214,0%,0%,0,0,0,
16877,77.75,775.97,774.5397785,0%,0%,0,0,0,
16882,215.7,489.42,685.9655695,0%,0%,0,0,0,
16899,347.55,622.43,930.8096968,0%,0%,0,0,0,
16905,836.98,1913.8,1519.297472,0%,0%,0,0,0,
16906,213.64,366.13,440.331607,0%,0%,0,0,0,
16907,584,397.65,558.5495418,-32%,-4%,0,1,0,
16915,166.79,454.89,1122.19771,0%,0%,0,0,0,
16942,577.96,1316.15,935.8355311,0%,0%,0,0,0,
16948,240.54,194.48,86.61795248,-19%,-64%,0,0,1,
16949,505.75,573.48,516.4181414,0%,0%,0,0,0,
16954,941.48,762.48,1042.344247,-19%,0%,0,0,0,
16966,1154.4,608.27,877.9701638,-47%,-24%,0,1,0,
16983,611.29,1308.91,1241.566139,0%,0%,0,0,0,
16987,213.05,1180.07,564.9578336,0%,0%,0,0,0,
16992,658.7,943.16,799.6762459,0%,0%,0,0,0,
16996,692.03,735.43,641.8107294,0%,-7%,0,0,0,
16998,279.6,7.42,-357.3531139,-97%,-228%,1,1,1,
17002,993.52,494.26,350.6432517,-50%,-65%,1,1,1,
17007,450.23,427.2,515.2563325,-5%,0%,0,0,0,
17019,995.93,276.68,420.5399783,-72%,-58%,1,1,1,
17027,402.18,446.41,420.2931563,0%,0%,0,0,0,
17033,608.1,422.04,625.7776475,-31%,0%,0,1,0,
17042,495.39,427.43,566.167093,-14%,0%,0,0,0,
17047,749.43,351.47,506.3670995,-53%,-32%,1,1,1,
17048,739.32,125,-94.2048419,-83%,-113%,1,1,1,
17049,1581.8,3674.28,2867.34258,0%,0%,0,0,0,
17050,2200.84,1028,1583.238984,-53%,-28%,0,1,0,
17054,918.82,435.01,511.2102829,-53%,-44%,1,1,1,
17058,819.66,360.23,538.670701,-56%,-34%,1,1,1,
17059,1510.67,1584.37,1993.000493,0%,0%,0,0,0,
17069,1046.07,1609.15,1092.387768,0%,0%,0,0,0,
17071,773.13,1617.3,1805.594424,0%,0%,0,0,0,
17075,675.72,138.05,38.56730095,-80%,-94%,1,1,1,
17076,334.2,506.88,766.5052256,0%,0%,0,0,0,
17080,74.2,211.3,86.71217616,0%,0%,0,0,0,
17083,996.02,409.76,727.6849658,-59%,-27%,0,1,0,
17085,1207.3,347.75,584.0743541,-71%,-52%,1,1,1,
17088,1015.83,975.18,1367.03422,-4%,0%,0,0,0,
17090,649.05,1168.76,764.3595006,0%,0%,0,0,0,
17091,1368.77,1983.24,1550.310471,0%,0%,0,0,0,
17095,325.85,762.35,484.7633866,0%,0%,0,0,0,
17109,464.59,405.09,271.0287905,-13%,-42%,0,0,1,
17114,430.19,226.14,594.899844,-47%,0%,0,1,0,
17115,300.07,282.15,-26.09948141,-6%,-109%,0,0,1,
17133,1041.67,3850.57,2283.533721,0%,0%,0,0,0,
17146,563.88,185.9,145.794223,-67%,-74%,1,1,1,
17147,938.16,741.48,972.26768,-21%,0%,0,0,0,
17158,698.55,568.42,959.4202381,-19%,0%,0,0,0,
17160,1205.07,2312.96,1911.434938,0%,0%,0,0,0,
17162,819.31,887.9,891.7613501,0%,0%,0,0,0,
17164,943.22,1523.18,1577.64825,0%,0%,0,0,0,
17166,110.74,78.75,-212.9808253,-29%,-292%,0,0,1,
17179,488.31,223.48,191.2667272,-54%,-61%,1,1,1,
17180,549.21,231.17,183.4491338,-58%,-67%,1,1,1,
17188,1225.79,1049.79,841.2691158,-14%,-31%,0,0,1,
17190,195,54.74,125.8634655,-72%,-35%,1,1,1,
17191,820.88,1274.25,1499.987526,0%,0%,0,0,0,
17204,1047.36,305.55,12.92482026,-71%,-99%,1,1,1,
17211,1236.39,1063.28,1398.275092,-14%,0%,0,0,0,
17213,896.8,1844.28,1133.677853,0%,0%,0,0,0,
17214,613.67,370.45,399.5571068,-40%,-35%,1,1,1,
17218,948.58,903.45,661.729659,-5%,-30%,0,0,1,
17227,366.15,573.17,1232.535214,0%,0%,0,0,0,
17228,687.58,1218.51,1185.495012,0%,0%,0,0,0,
17236,563.82,352.31,495.3238335,-38%,-12%,0,1,0,
17262,955.36,298,425.1464354,-69%,-55%,1,1,1,
17268,276.48,487.16,599.4655713,0%,0%,0,0,0,
17272,1405.34,739.19,679.6600443,-47%,-52%,1,1,1,
17284,928.45,713.23,944.7900806,-23%,0%,0,0,0,
17287,500.34,563.77,897.2036205,0%,0%,0,0,0,
17288,663.7,756.03,500.9846129,0%,-25%,0,0,0,
17302,303.12,816.81,506.2335267,0%,0%,0,0,0,
17314,776.55,1738.21,1590.553207,0%,0%,0,0,0,
17320,910.1,290.52,432.657711,-68%,-52%,1,1,1,
17323,292.32,616.67,1099.031099,0%,0%,0,0,0,
17345,128.33,409.41,318.4367403,0%,0%,0,0,0,
17346,799.14,1675.35,1318.533886,0%,0%,0,0,0,
17368,325.77,1023.75,916.869679,0%,0%,0,0,0,
17372,745.3,597.38,481.542008,-20%,-35%,0,0,1,
17384,227.65,108.75,-98.57053354,-52%,-143%,1,1,1,
17388,763.2,496.36,705.9955952,-35%,-7%,0,1,0,
17398,528.45,124.93,-13.84171333,-76%,-103%,1,1,1,
17402,784.37,1562.68,1807.388486,0%,0%,0,0,0,
17410,302.4,912.32,982.0346235,0%,0%,0,0,0,
17411,255.58,493.36,609.10333,0%,0%,0,0,0,
17412,709.82,361.84,518.5681046,-49%,-27%,0,1,0,
17422,552.92,1300.21,1383.827358,0%,0%,0,0,0,
17423,432.14,231.49,-56.76028729,-46%,-113%,1,1,1,
17429,186.86,325.26,297.911993,0%,0%,0,0,0,
17440,123.45,53.65,-313.0611929,-57%,-354%,1,1,1,
17442,785.23,1425.03,1482.834765,0%,0%,0,0,0,
17449,1322.69,756.48,708.9120662,-43%,-46%,1,1,1,
17463,943.76,937.6,1137.185652,-1%,0%,0,0,0,
17469,305.36,1537.7,1552.995688,0%,0%,0,0,0,
17470,623.11,501.96,668.2802639,-19%,0%,0,0,0,
17489,208.56,168.08,16.83753567,-19%,-92%,0,0,1,
17491,1189.86,1909.16,1682.12908,0%,0%,0,0,0,
17505,486.99,658.85,1102.048945,0%,0%,0,0,0,
17515,571.37,67.65,-138.8257659,-88%,-124%,1,1,1,
17516,455.21,312.87,431.2618479,-31%,-5%,0,1,0,
17519,950.65,888.42,1227.245442,-7%,0%,0,0,0,
17521,159.56,562.4,447.638739,0%,0%,0,0,0,
17522,248.42,663.83,759.5575792,0%,0%,0,0,0,
17527,251.55,637.31,808.0078588,0%,0%,0,0,0,
17560,486.05,368.9,490.8569066,-24%,0%,0,0,0,
17567,1864.07,1730.49,1722.74071,-7%,-8%,0,0,0,
17572,152.2,74.55,-271.7587629,-51%,-279%,1,1,1,
17585,521.53,611.54,794.6917476,0%,0%,0,0,0,
17589,590.77,1813.4,1844.36637,0%,0%,0,0,0,
17596,746.91,2081.02,1886.41563,0%,0%,0,0,0,
17602,767.05,3195.03,2169.79481,0%,0%,0,0,0,
17612,632.62,1360.14,1418.126182,0%,0%,0,0,0,
17615,272.3,57.3,-218.2112772,-79%,-180%,1,1,1,
17616,408,163.2,57.58932531,-60%,-86%,1,1,1,
17621,901.78,434.32,719.63002,-52%,-20%,0,1,0,
17624,400.3,443.18,637.4751236,0%,0%,0,0,0,
17625,549.68,1497.32,1623.656576,0%,0%,0,0,0,
17629,576.19,868.48,1387.84991,0%,0%,0,0,0,
17644,846.72,1589.5,2113.053134,0%,0%,0,0,0,
17648,1107.39,682.16,956.7783692,-38%,-14%,0,1,0,
17652,632.24,4104.89,2338.380034,0%,0%,0,0,0,
17658,317.6,168.28,-133.5099132,-47%,-142%,1,1,1,
17659,1070.24,1898.62,1482.995188,0%,0%,0,0,0,
17663,782.86,1005.41,986.5964535,0%,0%,0,0,0,
17664,326.19,278.45,273.4835332,-15%,-16%,0,0,0,
17667,1356.67,698.84,1039.922549,-48%,-23%,0,1,0,
17669,1611,1795.72,2123.901796,0%,0%,0,0,0,
17671,682.18,601.9,571.7662564,-12%,-16%,0,0,0,
17673,780.06,736.59,730.8683492,-6%,-6%,0,0,0,
17682,1107.41,1351.92,1767.485602,0%,0%,0,0,0,
17685,1512.72,1678.81,2094.531997,0%,0%,0,0,0,
17692,615.96,117.48,-34.15630225,-81%,-106%,1,1,1,
17696,488.89,1712.16,1708.962928,0%,0%,0,0,0,
17700,1099.82,1409.07,1706.223057,0%,0%,0,0,0,
17702,351.65,1368.07,1621.295793,0%,0%,0,0,0,
17705,357.3,1205.82,1318.450321,0%,0%,0,0,0,
17716,1451.62,4054.17,2027.273909,0%,0%,0,0,0,
17720,532.38,663.56,834.0576885,0%,0%,0,0,0,
17722,1700.18,680.46,1134.974644,-60%,-33%,1,1,1,
17723,746.8,2529.6,1906.396206,0%,0%,0,0,0,
17725,1216.63,2154.5,2423.146115,0%,0%,0,0,0,
17730,1439.14,3186.99,2276.470275,0%,0%,0,0,0,
17739,1070.77,1715.28,1771.247556,0%,0%,0,0,0,
17744,1257.64,303.06,501.9044263,-76%,-60%,1,1,1,
17754,231.9,1307.03,1405.755938,0%,0%,0,0,0,
17758,1054.83,2401.87,2044.478352,0%,0%,0,0,0,
17764,261.97,556.85,839.9361666,0%,0%,0,0,0,
17765,262.55,109.33,-108.8372393,-58%,-141%,1,1,1,
17769,884.76,3075.87,1706.866243,0%,0%,0,0,0,
17774,594.99,620.47,598.8770816,0%,0%,0,0,0,
17787,1716.17,149.02,340.2137735,-91%,-80%,1,1,1,
17796,622,75.9,-61.50841391,-88%,-110%,1,1,1,
17800,354.85,844.16,1602.158557,0%,0%,0,0,0,
17816,21.31,15.25,60.07644008,-28%,0%,0,0,0,
17838,1687.7,625,859.6419074,-63%,-49%,1,1,1,
17848,388.37,512.83,1122.58926,0%,0%,0,0,0,
17854,111.76,199.5,67.98526562,0%,-39%,0,0,1,
17861,457.98,1162.64,541.8398877,0%,0%,0,0,0,
17863,1371.9,1788.1,1986.648761,0%,0%,0,0,0,
17867,591.3,31.45,552.0933733,-95%,-7%,0,1,0,
17869,310.96,117.22,-213.8387288,-62%,-169%,1,1,1,
17873,1096.18,668.18,947.276665,-39%,-14%,0,1,0,
17874,535.5,122.76,-66.49443327,-77%,-112%,1,1,1,
17886,396.26,503.35,743.7569599,0%,0%,0,0,0,
17888,178.78,347,960.8233507,0%,0%,0,0,0,
17894,867.85,251.96,44.21483891,-71%,-95%,1,1,1,
17898,99.84,52.22,-252.5400374,-48%,-353%,1,1,1,
17917,230.46,110.82,-91.08217106,-52%,-140%,1,1,1,
17924,456.5,2446.15,842.553013,0%,0%,0,0,0,
17926,211.73,185.56,50.99435127,-12%,-76%,0,0,1,
17929,435,399.5,818.2473348,-8%,0%,0,0,0,
17932,589.01,742.56,936.3543869,0%,0%,0,0,0,
17965,1330.03,1292.54,1845.245964,-3%,0%,0,0,0,
17974,172.77,568.02,662.1134706,0%,0%,0,0,0,
17979,221.77,516.04,609.0480548,0%,0%,0,0,0,
17980,562.75,248.7,249.9418005,-56%,-56%,1,1,1,
17994,305.35,324.34,322.0256973,0%,0%,0,0,0,
18018,37.45,84.69,-201.8425854,0%,-639%,0,0,1,
18037,60.82,9.2,-399.9966631,-85%,-758%,1,1,1,
18043,451.81,107.7,-68.88341203,-76%,-115%,1,1,1,
18044,883.21,991.54,1079.378579,0%,0%,0,0,0,
18061,1190.62,928.79,1856.200469,-22%,0%,0,0,0,
18062,485.92,234.6,210.2520923,-52%,-57%,1,1,1,
18069,684.61,1337.21,1272.31898,0%,0%,0,0,0,
18073,241.08,3623.36,1155.50958,0%,0%,0,0,0,
18077,879.38,1498.29,1532.422564,0%,0%,0,0,0,
18080,841.5,390,640.1856068,-54%,-24%,0,1,0,
18093,1094.42,989,1321.521027,-10%,0%,0,0,0,
18094,1777.2,1240.1,1059.266942,-30%,-40%,1,1,1,
18097,1456.56,549.89,305.6965925,-62%,-79%,1,1,1,
18125,943.49,197.85,201.9843836,-79%,-79%,1,1,1,
18136,578.35,183.48,102.5999316,-68%,-82%,1,1,1,
18142,280.38,734.52,433.756162,0%,0%,0,0,0,
18145,1023.78,1837.77,2162.421114,0%,0%,0,0,0,
18146,76.65,83.7,-185.2448182,0%,-342%,0,0,1,
18149,549.68,62.4,-138.0089281,-89%,-125%,1,1,1,
18150,227.58,339,428.8687419,0%,0%,0,0,0,
18160,318.55,319.51,353.8106115,0%,0%,0,0,0,
18161,546.32,1066.47,1122.563625,0%,0%,0,0,0,
18170,304.21,676.1,804.2703672,0%,0%,0,0,0,
18171,446.74,761.77,1324.925965,0%,0%,0,0,0,
18173,1728.84,378,772.6949798,-78%,-55%,1,1,1,
18177,686.4,627.77,779.8959909,-9%,0%,0,0,0,
18178,1092.44,480.97,332.3165347,-56%,-70%,1,1,1,
18179,1103.16,690.01,977.3167525,-37%,-11%,0,1,0,
18189,627.2,457.14,725.5831136,-27%,0%,0,0,0,
18204,549.43,1429.87,1139.537558,0%,0%,0,0,0,
18219,912.31,865.09,1359.761221,-5%,0%,0,0,0,
18221,234.47,798.84,1231.141406,0%,0%,0,0,0,
18230,1173.3,1543.3,1292.174693,0%,0%,0,0,0,
18232,370.98,211.49,643.7010893,-43%,0%,0,1,0,
18235,430.46,1366.02,1552.95647,0%,0%,0,0,0,
18241,365.83,1692.26,1956.171713,0%,0%,0,0,0,
18242,694.08,1538.41,1361.074287,0%,0%,0,0,0,
18257,662.15,1603.23,1068.675195,0%,0%,0,0,0,
18270,67.75,171.2,-10.99048973,0%,-116%,0,0,1,
18272,966.74,1730.16,1833.924992,0%,0%,0,0,0,
18283,535.05,1351.83,1595.159223,0%,0%,0,0,0,
18287,765.28,1072,908.2335081,0%,0%,0,0,0,
